date,FCT_Bias_1@80
2010-01-04,
2010-01-05,
2010-01-06,
2010-01-07,
2010-01-08,
2010-01-11,
2010-01-12,
2010-01-13,
2010-01-14,
2010-01-15,
2010-01-18,
2010-01-19,
2010-01-20,
2010-01-21,
2010-01-22,
2010-01-25,
2010-01-26,
2010-01-27,
2010-01-28,
2010-01-29,
2010-02-01,
2010-02-02,
2010-02-03,
2010-02-04,
2010-02-05,
2010-02-08,
2010-02-09,
2010-02-10,
2010-02-11,
2010-02-12,
2010-02-22,
2010-02-23,
2010-02-24,
2010-02-25,
2010-02-26,
2010-03-01,
2010-03-02,
2010-03-03,
2010-03-04,
2010-03-05,
2010-03-08,
2010-03-09,
2010-03-10,
2010-03-11,
2010-03-12,
2010-03-15,
2010-03-16,
2010-03-17,
2010-03-18,
2010-03-19,
2010-03-22,
2010-03-23,
2010-03-24,
2010-03-25,
2010-03-26,
2010-03-29,
2010-03-30,
2010-03-31,
2010-04-01,
2010-04-02,
2010-04-06,
2010-04-07,
2010-04-08,
2010-04-09,
2010-04-12,
2010-04-13,
2010-04-14,
2010-04-15,
2010-04-16,
2010-04-19,
2010-04-20,
2010-04-21,
2010-04-22,
2010-04-23,
2010-04-26,
2010-04-27,
2010-04-28,
2010-04-29,
2010-04-30,
2010-05-04,
2010-05-05,1.495873176635548
2010-05-06,0.4621384864881466
2010-05-07,-0.9032891513406502
2010-05-10,0.1276565200243713
2010-05-11,-0.47130434278509276
2010-05-12,0.29178138470077214
2010-05-13,0.2856795052227807
2010-05-14,-0.5016056801394603
2010-05-17,-2.3685560931190754
2010-05-18,-1.7037676343908774
2010-05-19,-2.5658385998289397
2010-05-20,-2.1313523967264727
2010-05-21,-1.5238274731799233
2010-05-24,-1.165389057930185
2010-05-25,-2.117231012761662
2010-05-26,-1.3934674251761636
2010-05-27,-1.4258005908495701
2010-05-28,-1.4938613844253388
2010-05-31,-2.3917516786075312
2010-06-01,-2.8828676236702218
2010-06-02,-2.5239804741369767
2010-06-03,-2.4956578472601607
2010-06-04,-2.19136998713816
2010-06-07,-3.5754316041879437
2010-06-08,-3.1181719391233353
2010-06-09,-3.3830268962386634
2010-06-10,-3.240885542276818
2010-06-11,-3.413508050480549
2010-06-17,-2.6402509652425112
2010-06-18,-2.464620863387988
2010-06-21,-1.0294410085990677
2010-06-22,-1.3514528615594268
2010-06-23,-1.5241900025993682
2010-06-24,-1.6355657966139334
2010-06-25,-1.9868150852553539
2010-06-28,-1.7552772569769142
2010-06-29,-1.9448236181993193
2010-06-30,-2.5913646950938602
2010-07-01,-2.836843525289361
2010-07-02,-2.250509368961088
2010-07-05,-2.575278588643676
2010-07-06,-2.9221227676104293
2010-07-07,-2.797618446930308
2010-07-08,-1.7179151538350985
2010-07-09,-1.3288349116980531
2010-07-12,-1.5834764881677401
2010-07-13,-2.0989720656604645
2010-07-14,-1.678797780396057
2010-07-15,-1.5360514162004064
2010-07-16,-0.602851451932128
2010-07-19,-0.5791596312780235
2010-07-20,-0.4943364738733309
2010-07-21,-0.7122902485275545
2010-07-22,-1.120204143562374
2010-07-23,-0.5617451771625511
2010-07-26,-0.15375170345599923
2010-07-27,-1.5669845998302359
2010-07-28,-1.1221830503631802
2010-07-29,-0.6255325475602608
2010-07-30,0.1441319092195302
2010-08-02,2.160129804638757
2010-08-03,0.817980383819722
2010-08-04,1.4485055428333613
2010-08-05,0.08207911745968642
2010-08-06,1.0402513015487842
2010-08-09,2.680939153455978
2010-08-10,1.5523597323802003
2010-08-11,1.4491922306099838
2010-08-12,1.8004237375861907
2010-08-13,3.4628216526993203
2010-08-16,4.4621261204390725
2010-08-17,4.139515147424971
2010-08-18,3.29171229611343
2010-08-19,2.9008935323684226
2010-08-20,1.1895242191964663
2010-08-23,1.1509491323095282
2010-08-24,0.6639003588102526
2010-08-25,0.2914551190915076
2010-08-26,1.0103665850186525
2010-08-27,1.4057598999522758
2010-08-30,2.2410164440989293
2010-08-31,0.577154396386995
2010-09-01,0.8776460863172216
2010-09-02,0.7977600038884366
2010-09-03,1.6550151611911827
2010-09-06,2.57768937390385
2010-09-07,3.068608788427388
2010-09-08,2.6697136357263194
2010-09-09,1.3220237943398725
2010-09-10,1.577990079953329
2010-09-13,1.4519142610277063
2010-09-14,0.9058778068395502
2010-09-15,1.606148640678891
2010-09-16,1.2826904943648805
2010-09-17,1.5336623166463437
2010-09-20,4.072876919517927
2010-09-21,3.1106189857519686
2010-09-27,4.494062473571886
2010-09-28,4.528089365166331
2010-09-29,2.980127844160933
2010-09-30,3.0071097711806725
2010-10-08,2.2136036965887103
2010-10-11,6.002800999449751
2010-10-12,5.468965552735472
2010-10-13,5.813799803267233
2010-10-14,5.745489756891625
2010-10-15,6.033847343504146
2010-10-18,4.554424729532508
2010-10-19,4.81457966664588
2010-10-20,4.382710792697644
2010-10-21,5.219915379427854
2010-10-22,5.182898067144512
2010-10-25,6.654379745039712
2010-10-26,5.553595773876815
2010-10-27,3.6173366259897874
2010-10-28,4.32294881481761
2010-10-29,2.9747283739458736
2010-11-01,4.540797108967887
2010-11-02,4.1937494107811935
2010-11-03,3.6247640841373627
2010-11-04,5.009329704482257
2010-11-05,7.285521990593409
2010-11-08,6.978999589436284
2010-11-09,7.330704908979374
2010-11-10,7.935992730143007
2010-11-11,8.04494199101209
2010-11-12,4.891602550533954
2010-11-15,3.9813316980454734
2010-11-16,2.7902383800579083
2010-11-17,0.8790842041623265
2010-11-18,0.8720084257412805
2010-11-19,1.1050641826029524
2010-11-22,0.3312367269458607
2010-11-23,0.7714939688515331
2010-11-24,1.1916969401068598
2010-11-25,0.9559004398679493
2010-11-26,0.259564851770639
2010-11-29,0.3980666842573448
2010-11-30,-0.011543202756107483
2010-12-01,0.29384935783548893
2010-12-02,0.9601958152036355
2010-12-03,1.22951720503164
2010-12-06,1.2823398740607952
2010-12-07,1.320522506636339
2010-12-08,0.16465597834030138
2010-12-09,0.4468920105030752
2010-12-10,0.48081407230027934
2010-12-13,0.902649454343489
2010-12-14,1.2783717121145206
2010-12-15,0.8366307406219782
2010-12-16,0.9413172154320544
2010-12-17,1.0016405871622642
2010-12-20,0.9744328253375526
2010-12-21,1.3869860553602464
2010-12-22,0.8963719273059242
2010-12-23,1.3649200584270114
2010-12-24,2.4204627180957496
2010-12-27,2.5842036843660763
2010-12-28,2.8553143100838776
2010-12-29,1.942974194334398
2010-12-30,2.241498666709456
2010-12-31,1.9479190058149725
2011-01-04,2.0047679987452405
2011-01-05,1.1320812199479102
2011-01-06,1.9274317080865648
2011-01-07,0.5393434456385056
2011-01-10,0.5814221824089573
2011-01-11,0.7265231706287384
2011-01-12,0.5648880309205262
2011-01-13,1.1984461856999233
2011-01-14,1.5009104199415904
2011-01-17,1.6285419029306947
2011-01-18,2.264404039573027
2011-01-19,2.2962918030190074
2011-01-20,1.6492211446429375
2011-01-21,1.3174281774811
2011-01-24,1.7780413786503435
2011-01-25,1.0439486249673269
2011-01-26,-0.09161533491824575
2011-01-27,0.0072866816500947
2011-01-28,-0.06573748807863969
2011-01-31,0.411185059356489
2011-02-01,0.775721608267634
2011-02-09,1.7739594704238413
2011-02-10,2.4722761067253383
2011-02-11,2.7238602818810094
2011-02-14,2.8710058241622955
2011-02-15,2.1646090328796217
2011-02-16,1.8603207455247266
2011-02-17,1.3139216066220651
2011-02-18,1.3937189725601347
2011-02-21,0.9589436120942154
2011-02-22,1.2620813719626505
2011-02-23,-0.7956812799572232
2011-02-24,-1.5956165177241892
2011-02-25,-0.9590090162712165
2011-02-28,-0.48118754144399684
2011-03-01,-0.4462243530004735
2011-03-02,0.9366961266637092
2011-03-03,0.2651161699215896
2011-03-04,0.8040182048781442
2011-03-07,0.7131770929462495
2011-03-08,-0.4388547535453252
2011-03-09,-0.40174478038553013
2011-03-10,-1.0118408483208896
2011-03-11,-1.0877965753569245
2011-03-14,-1.1834030477499888
2011-03-15,-0.19361942256692338
2011-03-16,-0.6114792915618437
2011-03-17,-0.057865412741091936
2011-03-18,-0.08479007640057412
2011-03-21,0.4407709645904098
2011-03-22,0.5346779929524188
2011-03-23,1.2225463464605735
2011-03-24,0.5677040532196787
2011-03-25,2.07012619937985
2011-03-28,2.500849596219136
2011-03-29,2.643591882406005
2011-03-30,2.15066277287543
2011-03-31,1.838604261009025
2011-04-01,2.2116349937998385
2011-04-06,2.7371827560198017
2011-04-07,2.344123568705012
2011-04-08,2.372271438606592
2011-04-11,2.712350642882013
2011-04-12,1.6096095553906882
2011-04-13,1.293399073333945
2011-04-14,0.179640711666543
2011-04-15,0.07639527515003196
2011-04-18,0.5872565141452369
2011-04-19,0.2773350810899173
2011-04-20,0.8005275679499055
2011-04-21,0.5124127866279452
2011-04-22,0.651791771245526
2011-04-25,0.29066524333028826
2011-04-26,-0.3216672042121289
2011-04-27,-0.3389216433060344
2011-04-28,0.1348617149330949
2011-04-29,-1.2875580459571392
2011-05-03,-1.0023363933942782
2011-05-04,-1.844252040485041
2011-05-05,-1.6640661824255163
2011-05-06,-2.877342703376604
2011-05-09,-2.494308600337258
2011-05-10,-2.0952380952380896
2011-05-11,-2.248645133318872
2011-05-12,-2.737545827043334
2011-05-13,-1.9288018928801898
2011-05-16,-2.3510133678309786
2011-05-17,-2.9042529989094885
2011-05-18,-2.595846994535519
2011-05-19,-2.22610213880403
2011-05-20,-1.802779616148239
2011-05-23,-1.757602468047602
2011-05-24,-1.3132476739034136
2011-05-25,-1.3164585191793097
2011-05-26,-0.8323972141091965
2011-05-27,-0.9649954832881621
2011-05-30,-0.8778801843318078
2011-05-31,-0.9905355493997912
2011-06-01,-1.1036797037722519
2011-06-02,-0.5478624535316087
2011-06-03,0.19457956914524113
2011-06-07,-0.579426172148365
2011-06-08,-0.5845753489472374
2011-06-09,-0.5632926537449263
2011-06-10,-0.76207642393657
2011-06-13,-0.6505702499393152
2011-06-14,-0.5044160942100113
2011-06-15,-0.6978702327885244
2011-06-16,-1.0852867830423973
2011-06-17,-1.645739910313894
2011-06-20,-1.892268694550074
2011-06-21,-1.4801054018445474
2011-06-22,-1.4990609068956264
2011-06-23,-1.9722820236813912
2011-06-24,-1.5333871836295123
2011-06-27,-2.0529854760624024
2011-06-28,-1.5601545253863225
2011-06-29,-1.3968209704405965
2011-06-30,-1.1422070534698718
2011-07-01,-1.7402671213412806
2011-07-04,-1.0708092485549465
2011-07-05,-0.9296671490593246
2011-07-06,-1.338488473883869
2011-07-07,-1.2396354013525503
2011-07-08,-0.5134008338296562
2011-07-11,-0.621276595744685
2011-07-12,-1.0223789086450163
2011-07-13,-0.19293899039950152
2011-07-14,0.5600378627202512
2011-07-15,0.3233997532953793
2011-07-18,-0.14642279970600255
2011-07-19,0.11485448376020842
2011-07-20,0.17272504365673846
2011-07-21,0.3868743135122966
2011-07-22,0.46899291900055884
2011-07-25,-0.7105169808991353
2011-07-26,-0.0748153676254869
2011-07-27,0.865767615241379
2011-07-28,0.32466365008594905
2011-07-29,0.10592481326653204
2011-08-01,1.9764285123022132
2011-08-02,1.9443438277284846
2011-08-03,2.130035854569796
2011-08-04,0.9082107748417872
2011-08-05,-1.5164425371230132
2011-08-08,-2.204297392870749
2011-08-09,-3.252454696444034
2011-08-10,-2.4166889208464655
2011-08-11,-1.4131022182204176
2011-08-12,-1.280088235864494
2011-08-15,0.26397837155604187
2011-08-16,-0.6919227242452902
2011-08-17,0.010941739689739055
2011-08-18,-0.06098507541698484
2011-08-19,-0.4405058429507303
2011-08-22,0.0006585640091941546
2011-08-23,1.13471222921425
2011-08-24,0.8234777823157784
2011-08-25,0.4998093544518493
2011-08-26,0.2491667809424017
2011-08-29,3.4367527230104242
2011-08-30,2.9904726737592613
2011-08-31,3.3176982074768886
2011-09-01,2.938747118591967
2011-09-02,3.0977650374733146
2011-09-05,2.5927799627837245
2011-09-06,2.190680000343779
2011-09-07,3.3106933025898386
2011-09-08,2.6509548824005496
2011-09-09,3.348920771773635
2011-09-13,0.8339051799275463
2011-09-14,-0.21779919939255418
2011-09-15,-0.1328065378721948
2011-09-16,-0.22899115945479961
2011-09-19,-1.9504130151104984
2011-09-20,-1.3741848714440985
2011-09-21,-1.3945165774709405
2011-09-22,-3.0076382203432463
2011-09-23,-5.856396110241038
2011-09-26,-8.00324336654531
2011-09-27,-5.505381956995782
2011-09-28,-6.425941627392471
2011-09-29,-7.499449113047032
2011-09-30,-6.0067005538736895
2011-10-10,-6.519580447227183
2011-10-11,-6.3214167617182095
2011-10-12,-4.592418474710843
2011-10-13,-4.147285567944317
2011-10-14,-3.9336248653832455
2011-10-17,-4.359241277514807
2011-10-18,-5.581477165170177
2011-10-19,-5.02054602026028
2011-10-20,-6.031100226052205
2011-10-21,-5.171570489028411
2011-10-24,-4.028813727593855
2011-10-25,-3.8891714561440427
2011-10-26,-3.968451245885625
2011-10-27,-3.3698262141189237
2011-10-28,-3.780975355765045
2011-10-31,-4.564487768730933
2011-11-01,-4.22004552471507
2011-11-02,-3.1560160221975604
2011-11-03,-3.9147114261429197
2011-11-04,-3.3845814506453444
2011-11-07,-3.960649199703589
2011-11-08,-4.037023123858236
2011-11-09,-4.040299691186
2011-11-10,-5.122120788296859
2011-11-11,-4.807168378949458
2011-11-14,-3.96641501254633
2011-11-15,-3.545701554579006
2011-11-16,-4.042582258151143
2011-11-17,-3.723490173856222
2011-11-18,-4.040839117675293
2011-11-21,-3.7276428958928847
2011-11-22,-4.212934462145779
2011-11-23,-4.807040296062012
2011-11-24,-4.897861966502324
2011-11-25,-5.2931800994093585
2011-11-28,-4.932534350025672
2011-11-29,-4.57740456285515
2011-11-30,-5.0035653488148135
2011-12-01,-3.7818825281826367
2011-12-02,-3.8893532961336383
2011-12-05,-3.744042779032795
2011-12-06,-3.9654185989394484
2011-12-07,-3.829387868270132
2011-12-08,-4.195180181280772
2011-12-09,-4.100312258802106
2011-12-12,-4.434407202721482
2011-12-13,-4.02887767713756
2011-12-14,-3.802959812193418
2011-12-15,-3.060336905695927
2011-12-16,-2.6411591403447843
2011-12-19,-2.374998557844836
2011-12-20,-2.493366984140861
2011-12-21,-2.66217156829181
2011-12-22,-2.4407444915353462
2011-12-23,-2.290666960870329
2011-12-26,-2.1387941776879433
2011-12-27,-2.3702227102455162
2011-12-28,-1.6669799128383676
2011-12-29,-1.5526230930893845
2011-12-30,-1.3989667695882269
2012-01-04,-0.9555475708718735
2012-01-05,-0.8316527010803074
2012-01-06,-0.9358104664076701
2012-01-09,-0.7921722331920773
2012-01-10,-0.3412760105549433
2012-01-11,-0.26160393739682275
2012-01-12,-0.43411309278924165
2012-01-13,-0.9994758264739105
2012-01-16,-1.9272963287405305
2012-01-17,-1.385055254632317
2012-01-18,-1.5457062249708347
2012-01-19,-1.1330029060531701
2012-01-20,-0.366686515278581
2012-01-30,-0.580199275807443
2012-01-31,-0.3983374319248773
2012-02-01,0.8231091603975328
2012-02-02,1.3397292839742159
2012-02-03,0.8867147235957424
2012-02-06,1.7013610967089268
2012-02-07,1.3346468951556199
2012-02-08,1.921771188286556
2012-02-09,1.6195990301148284
2012-02-10,1.0270627272306256
2012-02-13,1.7003600185838066
2012-02-14,1.693704987643499
2012-02-15,1.605827320008159
2012-02-16,1.2000955944958454
2012-02-17,1.7707267765467332
2012-02-20,1.9584785599318546
2012-02-21,2.5230284100612073
2012-02-22,2.146526367179949
2012-02-23,2.1905152033299924
2012-02-24,2.3086200673366
2012-02-27,2.586132511556232
2012-02-28,3.2763239875389427
2012-02-29,2.997154600063232
2012-03-01,2.330275229357805
2012-03-02,3.0629053177691388
2012-03-05,3.076318375368481
2012-03-06,2.7006666666666552
2012-03-07,2.411014103425112
2012-03-08,2.6782814614343553
2012-03-09,4.189886135298043
2012-03-12,3.598833218943047
2012-03-13,4.083047357584087
2012-03-14,4.031196434693208
2012-03-15,4.202274293590626
2012-03-16,4.02262443438915
2012-03-19,4.603430171508572
2012-03-20,2.9556099265990934
2012-03-21,3.310109822731423
2012-03-22,3.454498764670892
2012-03-23,4.395977285825369
2012-03-26,5.426886819721672
2012-03-27,5.45187465734849
2012-03-28,4.77418205742292
2012-03-29,4.207008532530077
2012-03-30,3.2781390564752075
2012-04-05,6.699341556242675
2012-04-06,8.326829597538767
2012-04-09,8.40400074348886
2012-04-10,9.032962810093805
2012-04-11,6.003961151929151
2012-04-12,6.075037052831871
2012-04-13,5.957579837953326
2012-04-16,5.295517192355583
2012-04-17,5.113215149422443
2012-04-18,4.304100996976639
2012-04-19,4.403461112758805
2012-04-20,4.262725613436349
2012-04-23,4.747566310474802
2012-04-24,4.105454394786735
2012-04-25,4.421616987647328
2012-04-26,3.8918875073771977
2012-04-27,4.090597739446088
2012-05-02,3.4361393490733274
2012-05-03,2.5589811228837878
2012-05-04,2.942520513851055
2012-05-07,1.5168966826794519
2012-05-08,1.352997437567306
2012-05-09,0.07903311857349414
2012-05-10,0.6816603608595124
2012-05-11,-0.9065985122455377
2012-05-14,-3.1128694022675747
2012-05-15,-3.163248218686073
2012-05-16,-4.9518773959823505
2012-05-17,-4.051101635266693
2012-05-18,-4.645689144178139
2012-05-21,-3.7618030885426745
2012-05-22,-4.1224624810245105
2012-05-23,-5.379011910996371
2012-05-24,-4.55061662226912
2012-05-25,-4.734693789344152
2012-05-28,-4.135184376954178
2012-05-29,-3.8553619747507173
2012-05-30,-4.084447896037595
2012-05-31,-4.375464868260162
2012-06-01,-4.816912294369876
2012-06-04,-5.154819599982922
2012-06-05,-4.065385120455986
2012-06-06,-3.6434947527102945
2012-06-07,-3.46022513705628
2012-06-08,-3.4829130144520204
2012-06-11,-1.949764098134585
2012-06-12,-1.6227487154089146
2012-06-13,-2.3117386154364787
2012-06-14,-3.4448780783035797
2012-06-15,-2.8083217437721997
2012-06-18,-2.561771959043782
2012-06-19,-1.093161223026279
2012-06-20,-0.42054653374580564
2012-06-21,-0.7173845491949525
2012-06-25,0.3348063103602142
2012-06-26,0.4071097413676859
2012-06-27,0.1974598697949791
2012-06-28,-0.542929989357278
2012-06-29,-0.013186269850572073
2012-07-02,0.12754167103325717
2012-07-03,0.7308878538493271
2012-07-04,1.6706286359964855
2012-07-05,2.0754639938341506
2012-07-06,1.2039843595184505
2012-07-09,5.031288910232683
2012-07-10,3.2876030451249356
2012-07-11,2.8125693878966302
2012-07-12,1.7635436190851916
2012-07-13,3.363268959564407
2012-07-16,5.753887507645122
2012-07-17,3.89769141101195
2012-07-18,3.511879507848976
2012-07-19,4.203957061671227
2012-07-20,4.790466321243513
2012-07-23,4.925403225806448
2012-07-24,1.7470680218921026
2012-07-25,1.1967972216862697
2012-07-26,1.2454859777180154
2012-07-27,1.6947890818858555
2012-07-30,3.587476635514017
2012-07-31,3.5216814997159487
2012-08-01,2.956273764258555
2012-08-02,3.150104503135091
2012-08-03,3.292120075046901
2012-08-06,3.060500963391125
2012-08-07,3.3457620603497986
2012-08-08,2.0245948522402224
2012-08-09,2.6692073170731647
2012-08-10,3.0720499243570294
2012-08-13,2.55576667300019
2012-08-14,2.4676109537299356
2012-08-15,3.0918939110945045
2012-08-16,2.7101178230783662
2012-08-17,2.7867041198501776
2012-08-20,3.197032306536442
2012-08-21,4.41049897978111
2012-08-22,4.703895144914145
2012-08-23,4.6598390636430045
2012-08-24,5.229636363636366
2012-08-27,5.644131963223341
2012-08-28,4.586529803709705
2012-08-29,4.991237482117298
2012-08-30,5.238624149050505
2012-08-31,4.729390681003571
2012-09-03,5.542627345844501
2012-09-04,6.171071461233664
2012-09-05,5.659648194194169
2012-09-06,4.14298156036353
2012-09-07,3.7293511758843922
2012-09-10,4.229594599948865
2012-09-11,3.3109495000986064
2012-09-12,3.538658333721545
2012-09-13,3.612465834141846
2012-09-14,3.927983258290994
2012-09-17,2.593195822279854
2012-09-18,1.6801119894470253
2012-09-19,2.12914352183521
2012-09-20,1.9313292078226179
2012-09-21,2.369611373230488
2012-09-24,2.096033412585179
2012-09-25,3.0476268604321533
2012-09-26,2.275781041239182
2012-09-27,1.9076334654857539
2012-09-28,1.9080651752086653
2012-10-08,-0.09116454779849249
2012-10-09,0.19700011983551402
2012-10-10,-0.07763555294153349
2012-10-11,0.11349832213359624
2012-10-12,-0.3643557486276703
2012-10-15,-0.4187682309383962
2012-10-16,-0.5363168169828416
2012-10-17,-0.5317643371187308
2012-10-18,-0.10829750704473513
2012-10-19,-0.14283617151494124
2012-10-22,0.36052445876241335
2012-10-23,-0.27986819622751785
2012-10-24,0.859263556457196
2012-10-25,0.711965127578821
2012-10-26,0.8749534842409464
2012-10-29,0.127032411577623
2012-10-30,-0.0564687722700735
2012-10-31,0.3462859081697123
2012-11-01,1.5984785132925838
2012-11-02,1.6116068997699353
2012-11-05,0.8890922775138735
2012-11-06,1.127051776793463
2012-11-07,0.5366134250496947
2012-11-08,0.4182576715826751
2012-11-09,-0.6719091894635412
2012-11-12,-1.2864911259277365
2012-11-13,-0.9879010344277074
2012-11-14,-0.9546883689201389
2012-11-15,-1.5495342604305478
2012-11-16,-1.1078356786811208
2012-11-19,-1.1279494388566869
2012-11-20,-1.2683507782439647
2012-11-21,-1.0349311107015915
2012-11-22,-1.1541392162136082
2012-11-23,-0.8771463183195786
2012-11-26,-1.0625907916830166
2012-11-27,-1.3889686573320843
2012-11-28,-1.3185674398304914
2012-11-29,-0.9553795522379817
2012-11-30,-1.0042970213054545
2012-12-03,-0.8357419645108661
2012-12-04,-1.2360303287073309
2012-12-05,-1.0706940777261909
2012-12-06,-1.0820742850375713
2012-12-07,-0.8077783104807073
2012-12-10,-1.0495849862442015
2012-12-11,-1.1807462908246453
2012-12-12,-1.3940000512555628
2012-12-13,-1.1666508521540053
2012-12-14,-0.9511644987087774
2012-12-17,0.22688183312029442
2012-12-18,-0.1716256640088511
2012-12-19,-0.680379599453093
2012-12-20,-1.326837040910507
2012-12-21,-1.0559960412764717
2012-12-24,-1.2474589755366057
2012-12-25,-1.1917087756111953
2012-12-26,-1.0382708467066246
2012-12-27,-0.8910317820140279
2012-12-28,-1.2999167968433998
2012-12-31,-1.2612674445207168
2013-01-04,-1.2490254528777784
2013-01-07,-1.3476965390786155
2013-01-08,-1.1798460461861378
2013-01-09,-1.1893672077158324
2013-01-10,-0.9124105011933276
2013-01-11,-0.7915364270257199
2013-01-14,0.21380632790027468
2013-01-15,0.0900167584390745
2013-01-16,0.416343355965075
2013-01-17,0.008331291350152913
2013-01-18,0.5017326732673278
2013-01-21,0.7249319138400435
2013-01-22,1.0656716417910321
2013-01-23,0.911133552133284
2013-01-24,0.6081841432225141
2013-01-25,0.9164937759336245
2013-01-28,1.343075302790946
2013-01-29,1.2791810688646414
2013-01-30,1.6178600160900838
2013-01-31,1.4769782189136935
2013-02-01,1.7039711191335833
2013-02-04,1.4020134946315428
2013-02-05,1.2207002980029098
2013-02-06,1.2623351042683306
2013-02-07,0.798032453486827
2013-02-08,1.0505093031143036
2013-02-18,-0.05725190149840044
2013-02-19,-0.04150709380543714
2013-02-20,0.6996117263672548
2013-02-21,0.20559972423099826
2013-02-22,1.6348176627067277
2013-02-25,0.25630206055884425
2013-02-26,-1.0482727220707728
2013-02-27,-1.3229161401735148
2013-02-28,-1.3352670604962134
2013-03-01,-0.7716876313208073
2013-03-04,-0.9624766592713218
2013-03-05,-0.31945759927542033
2013-03-06,-0.34421612704935795
2013-03-07,-0.24405382685388144
2013-03-08,0.13862799876855164
2013-03-11,-0.3574696557223413
2013-03-12,-1.1695070732070958
2013-03-13,-0.9468117257153138
2013-03-14,-1.4239180292263887
2013-03-15,-0.0639524626257869
2013-03-18,-1.0452388401020514
2013-03-19,-0.930023207986561
2013-03-20,-0.9100068496455931
2013-03-21,0.2069462056619234
2013-03-22,0.8860372917752389
2013-03-25,1.7016330821574372
2013-03-26,1.7989118202468206
2013-03-27,1.1573302024633842
2013-03-28,1.0516717542007656
2013-03-29,0.609857908952121
2013-04-01,0.011804302419067865
2013-04-02,0.030163411072928616
2013-04-03,-0.4979563935190801
2013-04-08,0.09892346959383493
2013-04-09,0.0371575917124139
2013-04-10,0.867857921636212
2013-04-11,0.8262392776174835
2013-04-12,0.9163767826797864
2013-04-15,0.34870991421847897
2013-04-16,0.47860751366788773
2013-04-17,0.5072603439911691
2013-04-18,0.612611257154277
2013-04-19,0.30404555069245937
2013-04-22,-0.0997472705255552
2013-04-23,0.28335741792421737
2013-04-24,-0.866703463555722
2013-04-25,-1.0512386195214816
2013-04-26,-0.39458532167679433
2013-05-02,-0.3769710815069303
2013-05-03,-0.16019991023351257
2013-05-06,0.3559901570080437
2013-05-07,-0.20643858298608356
2013-05-08,0.1297424080161463
2013-05-09,-0.11537582765283168
2013-05-10,0.19861401062636452
2013-05-13,-0.5194838480564611
2013-05-14,-0.3553595918724611
2013-05-15,-0.3718430685074008
2013-05-16,0.006373627351778573
2013-05-17,0.22742091114163915
2013-05-20,0.6778126823491019
2013-05-21,0.7006846361971953
2013-05-22,0.9648187490814045
2013-05-23,0.44200444861577853
2013-05-24,0.28021319690161484
2013-05-27,0.2609822263441507
2013-05-28,0.5184239645334243
2013-05-29,0.49431076987646366
2013-05-30,0.2501423629703271
2013-05-31,0.5331544472775971
2013-06-03,1.282162467044657
2013-06-04,1.0635398378419874
2013-06-05,1.132996670662304
2013-06-06,0.8688201573458922
2013-06-07,0.6306718255364018
2013-06-13,0.24243257061169424
2013-06-14,0.3121455533818209
2013-06-17,-0.044186379237470055
2013-06-18,0.10814338345661495
2013-06-19,-0.19186243125975783
2013-06-20,-0.5414865321872767
2013-06-21,-1.3082889701960727
2013-06-24,-1.8319022308544355
2013-06-25,-0.9710270556835768
2013-06-26,-1.18091535174009
2013-06-27,-1.308646066158057
2013-06-28,-1.6938963981128539
2013-07-01,-2.650120014056935
2013-07-02,-1.9702238826582845
2013-07-03,-1.9378301203923576
2013-07-04,-1.419712485399988
2013-07-05,-1.3908062337788953
2013-07-08,-2.018206202895174
2013-07-09,-1.09443994970019
2013-07-10,-0.6982826306738031
2013-07-11,-0.31699229789702266
2013-07-12,-0.7857976275525741
2013-07-15,-1.4485206375309962
2013-07-16,-0.7480557476010825
2013-07-17,-0.5927418407705493
2013-07-18,-1.1847668562012368
2013-07-19,-1.8666358943919803
2013-07-22,-1.2882492385615145
2013-07-23,-0.6051696367188955
2013-07-24,-2.1217843036328157
2013-07-25,-4.519716613130938
2013-07-26,-9.441239142045486
2013-07-29,-9.964640118501311
2013-07-30,-10.59869857410489
2013-07-31,-7.4020131743836775
2013-08-01,-6.9709215345533
2013-08-02,-6.745086962963537
2013-08-05,-7.18270246207682
2013-08-06,-6.965224561702449
2013-08-07,-9.348203015358596
2013-08-08,-8.127990827990589
2013-08-09,-7.856009010598492
2013-08-12,-6.386433620734833
2013-08-13,-4.816834440775106
2013-08-14,-5.9669485973922916
2013-08-15,-5.448600400853791
2013-08-16,-4.890674659567594
2013-08-19,-4.344818181818187
2013-08-20,-4.164015001426487
2013-08-21,-4.01290086118211
2013-08-22,-3.651547731598832
2013-08-23,-3.6846614100931476
2013-08-26,0.8402224139801205
2013-08-27,-0.5947224805603573
2013-08-28,-1.4542957079335705
2013-08-29,-1.450155063909559
2013-08-30,-1.9102407853650727
2013-09-02,-1.0039067899241916
2013-09-03,-0.8808084787493236
2013-09-04,-1.3139796042489793
2013-09-05,-1.1695354250030487
2013-09-06,-0.49881922725532685
2013-09-09,-0.4144431488619055
2013-09-10,-0.4505489824215533
2013-09-11,0.4804644956838087
2013-09-12,0.4414535825055804
2013-09-13,0.498415525932316
2013-09-16,-0.6562645386001302
2013-09-17,-0.17338468190265993
2013-09-18,0.5665489878925047
2013-09-23,0.2330578271930987
2013-09-24,0.8869674768248215
2013-09-25,0.7503850754571181
2013-09-26,0.7548638071355318
2013-09-27,0.809267671710406
2013-09-30,1.3834730730131757
2013-10-08,2.4438776054140754
2013-10-09,2.1575044706115944
2013-10-10,2.9258262867222804
2013-10-11,2.3885647607934604
2013-10-14,2.477061556329861
2013-10-15,2.3070049005477054
2013-10-16,1.8911174785100326
2013-10-17,1.546705245114688
2013-10-18,1.8968373474832898
2013-10-21,2.157389813319252
2013-10-22,1.3073886181517678
2013-10-23,1.0971026164346578
2013-10-24,0.4279178256006698
2013-10-25,0.038847939099086216
2013-10-28,-0.16440109777489745
2013-10-29,-0.9222203860105898
2013-10-30,-0.8635678767153376
2013-10-31,-0.20575981558602616
2013-11-01,-0.07310458114412341
2013-11-04,-0.18368229463429522
2013-11-05,-0.04739452182130109
2013-11-06,-0.5158550009970628
2013-11-07,0.17886277766955325
2013-11-08,0.18293129588215526
2013-11-11,0.7961261827872302
2013-11-12,0.597099349536385
2013-11-13,0.7020895504280121
2013-11-14,0.9644088531452779
2013-11-15,0.7417998098806718
2013-11-18,0.3440311964281982
2013-11-19,-0.3316771358075631
2013-11-20,-0.559204111797799
2013-11-21,-0.9064204781915267
2013-11-22,-0.5998232351748783
2013-11-25,-0.7969250402488044
2013-11-26,-1.3374663574940384
2013-11-27,-0.8811653386778779
2013-11-28,-1.9853205810886498
2013-11-29,-1.856994195514232
2013-12-02,-1.0648542119788558
2013-12-03,-0.8695594123581187
2013-12-04,-0.49615713280055734
2013-12-05,-0.40691233726951187
2013-12-06,-0.8713191153934894
2013-12-09,-0.3539939006826212
2013-12-10,-0.4580203221455929
2013-12-11,-0.3005192704825974
2013-12-12,-0.5094664368183217
2013-12-13,-0.627591902224951
2013-12-16,0.08193776686503722
2013-12-17,0.40606855493596455
2013-12-18,0.006527724556824056
2013-12-19,-0.07852454195654515
2013-12-20,0.12518355134172235
2013-12-23,0.40921860086111306
2013-12-24,-0.28039843357614874
2013-12-25,-0.24194404163183922
2013-12-26,-0.547409036582765
2013-12-27,-0.2128008384964823
2013-12-30,-2.346177873159871
2013-12-31,-1.6241866720503102
2014-01-02,-1.577937680117352
2014-01-03,-1.446532007206144
2014-01-06,-1.2128467874789473
2014-01-07,-1.0917499541826223
2014-01-08,-0.983449941132999
2014-01-09,-0.17632962167112604
2014-01-10,1.8147230652930433
2014-01-13,0.33518009104319946
2014-01-14,0.5859339598962441
2014-01-15,1.2171459203098163
2014-01-16,2.1697248092736645
2014-01-17,2.246517331820088
2014-01-20,3.5339341194605645
2014-01-21,3.4710323090047286
2014-01-22,2.411623557930131
2014-01-23,2.4880963166939107
2014-01-24,1.9013020253637873
2014-01-27,1.9927164405203655
2014-01-28,1.5240379691887878
2014-01-29,1.5269777626103362
2014-01-30,0.7548937524770537
2014-02-07,2.1459616426745765
2014-02-10,3.6184692075497193
2014-02-11,3.595760328659998
2014-02-12,4.308296010270287
2014-02-13,4.739289216903043
2014-02-14,4.548867626275923
2014-02-17,4.029197570343241
2014-02-18,3.25325456495035
2014-02-19,2.8694329546177197
2014-02-20,3.1493200169648192
2014-02-21,3.2171118490987336
2014-02-24,3.925074824103271
2014-02-25,3.3842624705419513
2014-02-26,3.2068392997300266
2014-02-27,2.7467524923113653
2014-02-28,1.3492866529205023
2014-03-03,1.767120434106848
2014-03-04,1.3635578443410528
2014-03-05,2.0049980320225753
2014-03-06,1.7604810116674974
2014-03-07,1.2067471217258636
2014-03-10,-1.8216656866702376
2014-03-11,-0.24437913329450647
2014-03-12,-0.7206971960608468
2014-03-13,-0.9847001809749106
2014-03-14,-1.0716864156990316
2014-03-17,-1.1362213078823036
2014-03-18,-1.0848320971842886
2014-03-19,-1.125568068612793
2014-03-20,-1.6499938175099575
2014-03-21,-1.6878244851897999
2014-03-24,-1.9134195747351288
2014-03-25,-1.7978740022137014
2014-03-26,-2.1362209408854262
2014-03-27,-2.5011737110888363
2014-03-28,-3.021817863785146
2014-03-31,-3.0833810611939656
2014-04-01,-2.16685262514747
2014-04-02,-2.2685991048666265
2014-04-03,-2.7454506905123237
2014-04-04,-1.8474352192920496
2014-04-08,-1.4293497174160654
2014-04-09,-1.5051325301169014
2014-04-10,-1.48368166784438
2014-04-11,-1.6088170558884167
2014-04-14,0.06628067232168285
2014-04-15,1.5234095601375484
2014-04-16,1.7475356664209585
2014-04-17,1.811162317288438
2014-04-18,1.8921578031069772
2014-04-21,0.6453982293059083
2014-04-22,1.0331986398494108
2014-04-23,0.9579769985286952
2014-04-24,1.5589256197022614
2014-04-25,2.221458202299001
2014-04-28,2.2297407392743525
2014-04-29,2.2457946480382667
2014-04-30,1.930225908612249
2014-05-05,2.012047877030912
2014-05-06,0.48803815379030585
2014-05-07,0.1420691141800773
2014-05-08,0.04030930962049143
2014-05-09,-0.3686238911130187
2014-05-12,-0.39377975701215306
2014-05-13,0.550743833201947
2014-05-14,2.42127880379023
2014-05-15,4.115226606550886
2014-05-16,4.3411893130514825
2014-05-19,5.152057478057968
2014-05-20,6.524841090262682
2014-05-21,6.3670718315273875
2014-05-22,6.616721277421767
2014-05-23,5.85152302637883
2014-05-26,5.844057860445897
2014-05-27,5.254419432625912
2014-05-28,7.214112981490718
2014-05-29,6.564999168654376
2014-05-30,4.7529585280224635
2014-06-03,4.748251401611865
2014-06-04,4.541088334098233
2014-06-05,3.367393138517449
2014-06-06,2.611841056298615
2014-06-09,3.436596570087894
2014-06-10,2.5205240783329956
2014-06-11,2.75734919767401
2014-06-12,2.8823191601212814
2014-06-13,2.6971659838853603
2014-06-16,3.4609376416898257
2014-06-17,2.8112295392171243
2014-06-18,2.8276520006284147
2014-06-19,2.850651620989662
2014-06-20,3.010154346359656
2014-06-23,3.5194661582180062
2014-06-24,3.023788985767265
2014-06-25,2.694212361493695
2014-06-26,2.5471926248066112
2014-06-27,2.3342176188539927
2014-06-30,1.7897948752799921
2014-07-01,-0.25206477484264855
2014-07-02,-0.09588794183783597
2014-07-03,-0.26975311260699836
2014-07-04,-0.9767966833061242
2014-07-07,-1.2002806442547207
2014-07-08,-0.23207718209453723
2014-07-09,-0.9224828992672615
2014-07-10,-0.9707089988294136
2014-07-11,-0.9310169383731567
2014-07-14,-0.705979811897266
2014-07-15,-0.9349319548342746
2014-07-16,-0.8332228348646774
2014-07-17,-1.091195991678782
2014-07-18,-1.2442036079452465
2014-07-21,-1.4119421984422356
2014-07-22,-0.5986823543387971
2014-07-23,-1.0431134705610106
2014-07-24,-0.8705615713926059
2014-07-25,-1.036628198695426
2014-07-28,0.0329752685485918
2014-07-29,0.4308497383503557
2014-07-30,0.30483271375465665
2014-07-31,0.6985148514851421
2014-08-01,1.1912676755147655
2014-08-04,2.2210759027266014
2014-08-05,2.595063538611941
2014-08-06,2.1374603948330404
2014-08-07,1.8970009832841648
2014-08-08,2.3465909090909114
2014-08-11,2.92187886279359
2014-08-12,2.651323929720374
2014-08-13,3.8400491400491426
2014-08-14,2.611810261374639
2014-08-15,3.1430992736077608
2014-08-18,2.9028114396509954
2014-08-19,2.057451923076921
2014-08-20,1.5386095742121761
2014-08-21,0.681142034548956
2014-08-22,1.0692381408720824
2014-08-25,1.1841034235096968
2014-08-26,2.645085066162571
2014-08-27,2.837972876516774
2014-08-28,2.2299477930707243
2014-08-29,2.1034400948991716
2014-09-01,2.294634377967717
2014-09-02,2.71003541912633
2014-09-03,2.430677764565987
2014-09-04,1.49087854056648
2014-09-05,1.818824676908049
2014-09-09,0.9621359223301112
2014-09-10,1.2745721271393466
2014-09-11,0.8899082568807289
2014-09-12,2.582879762493822
2014-09-15,2.4809500247402227
2014-09-16,2.5456925273679114
2014-09-17,2.850927246790288
2014-09-18,2.522285443338065
2014-09-19,1.7583454281567394
2014-09-22,1.1900866217517025
2014-09-23,0.6146473334971579
2014-09-24,1.0629421810197723
2014-09-25,1.7577382403119732
2014-09-26,1.989517308629947
2014-09-29,1.8708191953465747
2014-09-30,1.5896811876368921
2014-10-08,0.9435562015503879
2014-10-09,0.696977025392977
2014-10-10,-1.5775350273094377
2014-10-13,-1.9281198782486486
2014-10-14,-1.4134952136353056
2014-10-15,-0.9495817843866173
2014-10-16,-1.0081056044465053
2014-10-17,-0.6075541225241949
2014-10-20,-0.9321802457897121
2014-10-21,-0.19232515894642008
2014-10-22,-0.11392405063292113
2014-10-23,-0.04039720153463452
2014-10-24,0.22428029457709514
2014-10-27,0.04263392857144697
2014-10-28,-0.40291906236177966
2014-10-29,-0.07972819932049492
2014-10-30,0.3223028105167814
2014-10-31,1.9525929223236194
2014-11-03,1.25149567914914
2014-11-04,1.2116448970555664
2014-11-05,1.266502573282622
2014-11-06,0.47897864847017635
2014-11-07,1.2086614173228274
2014-11-10,1.0350416119141392
2014-11-11,0.750442477876096
2014-11-12,-0.3076588337685024
2014-11-13,0.00150992234685333
2014-11-14,-0.005375188131568565
2014-11-17,-0.06503014642550811
2014-11-18,-0.006875805758489957
2014-11-19,-0.11159169550173238
2014-11-20,-0.11759600781080531
2014-11-21,-0.07012195121951868
2014-11-24,-1.1968165196816511
2014-11-25,-0.5831538130116243
2014-11-26,-0.31235128704304377
2014-11-27,0.67918997400426
2014-11-28,0.8684724807511829
2014-12-01,0.5705178472012439
2014-12-02,0.5060845820683058
2014-12-03,0.4838227068337165
2014-12-04,0.7445002977784845
2014-12-05,2.1146338804004503
2014-12-08,1.906338635788
2014-12-09,1.3168379216002333
2014-12-10,1.846741111564911
2014-12-11,1.6236031764182433
2014-12-12,1.5704835160721633
2014-12-15,1.5130670834129083
2014-12-16,0.7898812615221426
2014-12-17,0.5665293907704078
2014-12-18,0.6118547679045349
2014-12-19,1.0166268151454352
2014-12-22,0.7427747178272305
2014-12-23,0.7945155999546756
2014-12-24,1.9413331925459603
2014-12-25,2.763470051181842
2014-12-26,3.0921316540454407
2014-12-29,4.355723227901885
2014-12-30,4.077876917455164
2014-12-31,3.95577874831631
2015-01-05,3.6517582381429503
2015-01-06,3.7003840050631016
2015-01-07,3.6857590701941767
2015-01-08,3.627136368821611
2015-01-09,3.694495267574463
2015-01-12,3.6574481091354683
2015-01-13,3.1712269643941875
2015-01-14,2.8549583047762406
2015-01-15,3.4966175075636103
2015-01-16,3.6247354353553467
2015-01-19,3.4092590735173616
2015-01-20,2.635695506669943
2015-01-21,2.6163935923546253
2015-01-22,2.2117033639721853
2015-01-23,1.899667871296295
2015-01-26,1.2061493927768219
2015-01-27,2.1168202134738388
2015-01-28,1.6812640447104445
2015-01-29,0.6160908416799289
2015-01-30,0.310169806154952
2015-02-02,1.3146994536654921
2015-02-03,1.8700769787025948
2015-02-04,1.4184175834605524
2015-02-05,1.4393200250552698
2015-02-06,1.711713338974577
2015-02-09,1.2848460108763509
2015-02-10,1.0118052030054359
2015-02-11,1.0073871278312254
2015-02-12,1.08502122421396
2015-02-13,0.9763402005853039
2015-02-16,0.06453032176302137
2015-02-17,0.029996557118974223
2015-02-25,-1.6317837690041654
2015-02-26,-1.719073128135555
2015-02-27,-1.0499634824022104
2015-03-02,-1.9592478599950478
2015-03-03,-1.8154639487862658
2015-03-04,-1.8229870519227456
2015-03-05,-3.806285724122825
2015-03-06,-3.9189707544702204
2015-03-09,-3.523771949914098
2015-03-10,-4.9461139865441615
2015-03-11,-3.544293132957663
2015-03-12,-3.7927233937680396
2015-03-13,-4.165003105417187
2015-03-16,-3.6281386655780974
2015-03-17,-3.8038289201397872
2015-03-18,-3.7584887743815836
2015-03-19,-3.6027344415992517
2015-03-20,-3.6255802091688665
2015-03-23,-3.8010569150693887
2015-03-24,-3.776648216932333
2015-03-25,-5.461474048204768
2015-03-26,-5.648088133885306
2015-03-27,-6.139557739557748
2015-03-30,-6.172626387176333
2015-03-31,-6.3584158415841605
2015-04-01,-5.911451892159286
2015-04-02,-6.21077575455227
2015-04-03,-6.515745102901066
2015-04-07,-7.243938644235524
2015-04-08,-7.1948833709556075
2015-04-09,-7.260232440626586
2015-04-10,-6.922940430925237
2015-04-13,-5.478348439073536
2015-04-14,-2.7073349633251707
2015-04-15,-2.3873454034148667
2015-04-16,-2.454154983114788
2015-04-17,-3.4215229036092816
2015-04-20,-4.092602855116155
2015-04-21,-2.852181849458031
2015-04-22,-0.8899873143123161
2015-04-23,-0.9741547163307006
2015-04-24,0.20692285707301364
2015-04-27,0.39611968234446243
2015-04-28,0.3158735098129535
2015-04-29,0.4447958099661462
2015-04-30,2.2519062499331475
2015-05-04,1.3812077442003976
2015-05-05,1.4096311700607767
2015-05-06,2.0608588964821655
2015-05-07,1.8547561483775177
2015-05-08,1.643932651999097
2015-05-11,3.1309870917489606
2015-05-12,3.1201687446371285
2015-05-13,3.248519848082832
2015-05-14,3.1003924397813263
2015-05-15,3.168359234540852
2015-05-18,3.117783299908691
2015-05-19,2.4864348729893435
2015-05-20,2.0122429418821444
2015-05-21,2.032638315892858
2015-05-22,4.681662195172818
2015-05-25,4.0949678265569025
2015-05-26,4.055739590196743
2015-05-27,3.560628369604208
2015-05-28,3.6494006675902786
2015-05-29,3.915048450338136
2015-06-01,2.359880890532827
2015-06-02,2.8316095588065715
2015-06-03,2.9945004951969927
2015-06-04,2.4018991328133175
2015-06-05,1.1648511205971142
2015-06-08,1.0451487315299643
2015-06-09,1.0273158735335353
2015-06-10,1.325695681492103
2015-06-11,1.2334415119317437
2015-06-12,-0.3510195308831586
2015-06-15,-0.5480157703491152
2015-06-16,0.1919999593625549
2015-06-17,1.0173343447528203
2015-06-18,1.0348130166931466
2015-06-19,0.9600789856986562
2015-06-23,1.4264892979916362
2015-06-24,0.7438722646274794
2015-06-25,0.6579691555296273
2015-06-26,0.27729715849546893
2015-06-29,-0.030120077379241782
2015-06-30,-0.8406991899450125
2015-07-01,0.09129063565056368
2015-07-02,-0.3844074243833399
2015-07-03,-0.5736747273617424
2015-07-06,-1.5686198929850166
2015-07-07,-2.2503946561300587
2015-07-08,-4.41193423515103
2015-07-09,-1.4958732536957555
2015-07-10,0.016254539899635958
2015-07-13,-0.06077351241451649
2015-07-14,0.044602713852897664
2015-07-15,-0.5545246871090728
2015-07-16,-0.9142395841302557
2015-07-17,-0.9825308841041032
2015-07-20,-1.819845781467634
2015-07-21,-1.8502280093856112
2015-07-22,-1.9522119114208814
2015-07-23,-1.8381269814430676
2015-07-24,-1.6604432113642564
2015-07-27,-2.213611207563144
2015-07-28,-1.576266953412672
2015-07-29,-0.6725046458658652
2015-07-30,-0.7503224157551547
2015-07-31,-0.5671005994449793
2015-08-03,-0.9873197943492685
2015-08-04,-0.5558547814902342
2015-08-05,-0.6865264434076751
2015-08-06,0.48630285918050586
2015-08-07,0.3704803324058366
2015-08-10,0.861202810957211
2015-08-11,1.0810999733532027
2015-08-12,1.168706865143715
2015-08-13,0.4754751996700787
2015-08-14,0.6866107722200205
2015-08-17,0.8575271545576829
2015-08-18,-0.029912240708095027
2015-08-19,0.14736011398461235
2015-08-20,-0.5334896465241464
2015-08-21,-0.4966975234153871
2015-08-24,-1.7057283409055222
2015-08-25,-1.4785480736423584
2015-08-26,-1.5362455443683665
2015-08-27,-1.2846173166039399
2015-08-28,-2.1459071553483935
2015-08-31,-2.04802330374969
2015-09-01,-1.7055114385373988
2015-09-02,-1.5410323653745455
2015-09-07,-2.3641204198322328
2015-09-08,-2.0320659219763093
2015-09-09,-2.311018574802965
2015-09-10,-1.7435601083914694
2015-09-11,-1.5213116985970059
2015-09-14,-1.8589683517586904
2015-09-15,-1.8918726902351934
2015-09-16,-1.4837341214512672
2015-09-17,-1.6517249731812231
2015-09-18,-1.9101333629928265
2015-09-21,-2.2594222764461005
2015-09-22,-2.6056766297359863
2015-09-23,-2.628536791113573
2015-09-24,-2.8798809548085536
2015-09-25,-3.0635380750137613
2015-09-28,-3.1720031503742114
2015-09-29,-2.2092998325706596
2015-09-30,-2.5574415203433047
2015-10-08,-4.514693286944211
2015-10-09,-4.609937928984549
2015-10-12,-3.5158973455180687
2015-10-13,-3.503189474113415
2015-10-14,-3.0302523776611983
2015-10-15,-3.1788307915758924
2015-10-16,-3.5208409506398484
2015-10-19,-3.566715812753402
2015-10-20,-3.6324533874838396
2015-10-21,-3.855506282335539
2015-10-22,-2.893722466960342
2015-10-23,-2.893218158426758
2015-10-26,-3.6645442968892126
2015-10-27,-3.5091307523739954
2015-10-28,-3.9452507808193946
2015-10-29,-3.8208541320022147
2015-10-30,-3.8849490758204404
2015-11-02,-3.9219844726377544
2015-11-03,-3.813305534495819
2015-11-04,-3.6578645235361544
2015-11-05,-3.7818425588967512
2015-11-06,-3.7115234374999915
2015-11-09,-4.130732099758637
2015-11-10,-4.239689669252746
2015-11-11,-3.9321895424836573
2015-11-12,-3.490210946295494
2015-11-13,-3.2357021149286753
2015-11-16,-4.885390014889362
2015-11-17,-5.031141140316401
2015-11-18,-4.809069888057964
2015-11-19,-6.114099588733272
2015-11-20,-6.4443201588990044
2015-11-23,-5.685021705086836
2015-11-24,-4.704180372783786
2015-11-25,-5.071878022591155
2015-11-26,-4.3786334555171775
2015-11-27,-4.7866785877998295
2015-11-30,-4.176527992776788
2015-12-01,-3.9172429160120497
2015-12-02,-4.21274646188224
2015-12-03,-3.4008402726339315
2015-12-04,-3.4279192736075395
2015-12-07,-3.0402094426548727
2015-12-08,-3.785819699004209
2015-12-09,-3.8283445999599186
2015-12-10,-3.8561509489382986
2015-12-11,-3.723845531589413
2015-12-14,-4.5245602793928015
2015-12-15,-4.81953628976074
2015-12-16,-4.172515918189
2015-12-17,-3.756965714705189
2015-12-18,-3.198180989890116
2015-12-21,-2.729378610228315
2015-12-22,-3.342634420289338
2015-12-23,-3.180382553704556
2015-12-24,-3.330046400565023
2015-12-25,-3.802918236751504
2015-12-28,-4.856565610507369
2015-12-29,-4.4174207385838615
2015-12-30,-4.159244359093515
2015-12-31,-4.260153377865134
2016-01-04,-4.408332291411885
2016-01-05,-4.136748636034908
2016-01-06,-4.362078261126263
2016-01-07,-4.2582263297138665
2016-01-08,-3.962353275506401
2016-01-11,-4.3734253180175955
2016-01-12,-4.204787066618883
2016-01-13,-3.522137258761627
2016-01-14,-3.8398040879299478
2016-01-15,-3.7226753149649006
2016-01-18,-3.4113570722992392
2016-01-19,-2.682039750824296
2016-01-20,-3.1934860665343683
2016-01-21,-3.3131309837268432
2016-01-22,-2.9331754500735787
2016-01-25,-3.324228230003517
2016-01-26,-3.7556398010942083
2016-01-27,-3.497210057073658
2016-01-28,-4.057804493152286
2016-01-29,-4.395229808736484
2016-02-01,-4.378740548814643
2016-02-02,-4.522544984446748
2016-02-03,-4.269701653535622
2016-02-04,-4.761860327395372
2016-02-05,-4.80646557365066
2016-02-15,-5.204609255049545
2016-02-16,-4.920051925476895
2016-02-17,-4.458609163851683
2016-02-18,-4.358152756101783
2016-02-19,-4.093340873908895
2016-02-22,-2.889609204807126
2016-02-23,-2.9348926103221604
2016-02-24,-3.273381994119956
2016-02-25,-3.4144750077912347
2016-02-26,-2.824449978162959
2016-02-29,-3.1524971090389853
2016-03-01,-2.697140913030005
2016-03-02,-2.14577909342153
2016-03-03,-0.4610377095999503
2016-03-04,-0.09359319851706185
2016-03-07,-0.8103141685832987
2016-03-08,-0.9317996505455575
2016-03-09,-1.1073100462427568
2016-03-10,-1.0711465761903853
2016-03-11,-1.3950484885929584
2016-03-14,-1.4651653647392642
2016-03-15,-2.3260061639073673
2016-03-16,-2.815560927837193
2016-03-17,-2.44942783312087
2016-03-18,-1.3185754765543758
2016-03-21,-1.6980019565084643
2016-03-22,-0.17446133701788447
2016-03-23,-0.37318627893647943
2016-03-24,-0.5518521493992518
2016-03-25,0.4136145018746014
2016-03-28,-0.3055771705482569
2016-03-29,-0.7339872377226088
2016-03-30,-0.2732390084323784
2016-03-31,-0.8391087092150827
2016-04-01,-2.2456119965968377
2016-04-05,-2.3185966672225486
2016-04-06,-3.3095248049902923
2016-04-07,-3.2548205462862216
2016-04-08,-3.261218052105373
2016-04-11,-2.709779377393375
2016-04-12,-1.9848663016280959
2016-04-13,-0.9062864599918354
2016-04-14,-0.2637451837379775
2016-04-15,-0.7040523686262034
2016-04-18,0.49822415180635055
2016-04-19,0.6841075580047604
2016-04-20,3.3495784685722536
2016-04-21,5.538436574656565
2016-04-22,4.390028864533395
2016-04-25,4.581365615461185
2016-04-26,4.614361846735186
2016-04-27,4.1403454174771595
2016-04-28,2.53865756279971
2016-04-29,2.253020663756525
2016-05-03,4.251106589732123
2016-05-04,2.9016020844778847
2016-05-05,2.493575790324182
2016-05-06,0.8995284428691558
2016-05-09,1.0505544597805745
2016-05-10,0.6710250363772595
2016-05-11,3.2122905649100346
2016-05-12,2.7623269648749695
2016-05-13,1.469333117365838
2016-05-16,2.1511930480840062
2016-05-17,3.0437336765032716
2016-05-18,3.1536347057212137
2016-05-19,3.8777177452347273
2016-05-20,3.515639835611178
2016-05-23,2.4290647649860233
2016-05-24,0.7034052411344236
2016-05-25,1.1384939939552354
2016-05-26,2.387727548477867
2016-05-27,2.3311994526159756
2016-05-30,3.0708512860576374
2016-05-31,2.917021373585547
2016-06-01,2.7553979033744977
2016-06-02,3.3534335183915696
2016-06-03,4.127924911420003
2016-06-06,3.9909466527232045
2016-06-07,3.9208972487987266
2016-06-08,3.7726965921727302
2016-06-13,5.080918545147803
2016-06-14,4.119155663016359
2016-06-15,3.873706078511612
2016-06-16,3.092075688190013
2016-06-17,3.4466395762152433
2016-06-20,3.356547673819222
2016-06-21,3.2961811807672006
2016-06-22,3.419249471430649
2016-06-23,3.0820282165300488
2016-06-24,2.6501462987140876
2016-06-27,3.573662084758368
2016-06-28,4.4227334572546475
2016-06-29,3.735856862436877
2016-06-30,3.76379649771636
2016-07-01,3.5027595125246034
2016-07-04,3.2483312161048445
2016-07-05,2.6099049240811683
2016-07-06,1.5111794298490797
2016-07-07,1.0688415814210697
2016-07-08,1.1076817558299046
2016-07-11,1.4749113716934836
2016-07-12,1.1354251562075506
2016-07-13,1.9959726137736566
2016-07-14,2.2818193414649786
2016-07-15,1.5557022637640847
2016-07-18,1.0665657250920844
2016-07-19,1.2693004725958976
2016-07-20,0.7012342042891989
2016-07-21,0.17114801987750114
2016-07-22,-0.6879955524669504
2016-07-25,-0.8925035195994336
2016-07-26,-0.8355309009219881
2016-07-27,-0.9184078982571746
2016-07-28,-0.9500805492475147
2016-07-29,-1.3861942578010709
2016-08-01,-1.0127262570523725
2016-08-02,-1.2677242169979148
2016-08-03,-1.3087203311637576
2016-08-04,-1.1862885348631087
2016-08-05,-0.9579606775253184
2016-08-08,-0.9051358199898314
2016-08-09,-0.757651650092391
2016-08-10,-0.22315540464712452
2016-08-11,-0.3246129465693143
2016-08-12,-0.09560505385225411
2016-08-15,0.43654625440732947
2016-08-16,0.6254822319679327
2016-08-17,1.3398406762677486
2016-08-18,1.2152018133149953
2016-08-19,0.6650535901319953
2016-08-22,0.6723514686430447
2016-08-23,0.21183778517038096
2016-08-24,0.06836824227313601
2016-08-25,0.1639965634187198
2016-08-26,-0.32177454092654867
2016-08-29,-0.16807933312196188
2016-08-30,-0.22238046101178385
2016-08-31,-1.1689525583653462
2016-09-01,-1.4103278086431468
2016-09-02,-1.7814666515332274
2016-09-05,-2.262061689324894
2016-09-06,-2.169203862738025
2016-09-07,-1.7677394224277774
2016-09-08,-1.7894404232669
2016-09-09,-1.750002441256945
2016-09-12,-1.5903340264063193
2016-09-13,-1.5639167908504124
2016-09-14,-1.2006053673079249
2016-09-19,0.29092491287007904
2016-09-20,0.3873362841892873
2016-09-21,-0.14141941712035042
2016-09-22,-0.07757764758420613
2016-09-23,-0.3847882355443626
2016-09-26,-0.3381660076045432
2016-09-27,-1.1612950491358542
2016-09-28,-1.473473669308197
2016-09-29,-1.1520836798513383
2016-09-30,-0.3028032341277702
2016-10-10,-0.24145454788083398
2016-10-11,-0.7501416963671051
2016-10-12,-1.7643262442409107
2016-10-13,-1.8650820758521245
2016-10-14,-1.3348091414957544
2016-10-17,-1.0249833358403635
2016-10-18,-1.0788616793245993
2016-10-19,-1.0613231682311017
2016-10-20,-0.08147361403589724
2016-10-21,0.2101062640111426
2016-10-24,0.8385874712241962
2016-10-25,0.25281223728857577
2016-10-26,1.84786116426138
2016-10-27,1.735467820456299
2016-10-28,1.5741551949269466
2016-10-31,1.2051571560123397
2016-11-01,1.4634609032332668
2016-11-02,0.7236646742253756
2016-11-03,0.5102933176993844
2016-11-04,0.44037846033862044
2016-11-07,1.4537176071572917
2016-11-08,1.6278921118924405
2016-11-09,1.1325905696412861
2016-11-10,2.0477442523624045
2016-11-11,2.8488775323964224
2016-11-14,0.018887908208295754
2016-11-15,-0.9643550379389416
2016-11-16,-0.46578249336870375
2016-11-17,-0.1908978218523226
2016-11-18,-0.1526635681086826
2016-11-21,0.6246882793017452
2016-11-22,1.2323159784560207
2016-11-23,1.5765379113018667
2016-11-24,1.163091650416603
2016-11-25,1.294242317202402
2016-11-28,2.175770308123256
2016-11-29,3.020489428684817
2016-11-30,1.7274982985845133
2016-12-01,2.4906282065145193
2016-12-02,4.067777840487968
2016-12-05,4.216411197626611
2016-12-06,3.7935017788785643
2016-12-07,4.534372897043325
2016-12-08,3.666273431897071
2016-12-09,3.533117484167825
2016-12-12,3.653092302322698
2016-12-13,3.819650637717624
2016-12-14,3.4879520402556596
2016-12-15,3.6634654138671494
2016-12-16,5.279574676282699
2016-12-19,5.171048240337782
2016-12-20,4.156059406385451
2016-12-21,5.272458487071394
2016-12-22,4.8376472072236245
2016-12-23,4.760540177305019
2016-12-26,2.255545608856576
2016-12-27,2.6705596227624118
2016-12-28,2.6958491087204863
2016-12-29,4.056104997099965
2016-12-30,3.5120916544615914
2017-01-03,2.7209116093688133
2017-01-04,3.3999092400877435
2017-01-05,3.0489390246924546
2017-01-06,3.02396414866074
2017-01-09,2.3194791841826587
2017-01-10,1.7794292640377702
2017-01-11,1.771803101280836
2017-01-12,1.0356791538060688
2017-01-13,1.3575378246410108
2017-01-16,2.207185762790335
2017-01-17,2.160576252396488
2017-01-18,2.4709655214807875
2017-01-19,2.670639443095704
2017-01-20,1.8835266109872622
2017-01-23,1.4361639907305612
2017-01-24,1.731482853489325
2017-01-25,1.4370387506148916
2017-01-26,1.876691586918242
2017-02-03,2.6134415969881006
2017-02-06,3.015740460270133
2017-02-07,2.864356127129166
2017-02-08,2.729531202984892
2017-02-09,2.445638707493967
2017-02-10,2.533307386524063
2017-02-13,2.3915822889295475
2017-02-14,2.5050399872191322
2017-02-15,1.6920895902774449
2017-02-16,1.5815886842202296
2017-02-17,1.0144887170247168
2017-02-20,1.037799823119974
2017-02-21,1.2610694408779508
2017-02-22,0.552093553274588
2017-02-23,0.34120005729684244
2017-02-24,-0.1632418617591531
2017-02-27,-0.2902672060261229
2017-02-28,-0.3774574834069945
2017-03-01,-0.2940528329897235
2017-03-02,-0.5617821498652018
2017-03-03,-1.3216967831998605
2017-03-06,-1.5034705959195787
2017-03-07,-1.8971615307296996
2017-03-08,-1.5228108950942565
2017-03-09,-1.6684235674065735
2017-03-10,-3.048593614748551
2017-03-13,-2.7255067545338956
2017-03-14,-3.2471173773074304
2017-03-15,-3.494097414744374
2017-03-16,-3.9566450822747865
2017-03-17,-3.866077510323088
2017-03-20,-3.7794675841193635
2017-03-21,-4.231405126605488
2017-03-22,-3.5458056060775007
2017-03-23,-3.6180887318131303
2017-03-24,-3.57593644525237
2017-03-27,-4.5844760185983295
2017-03-28,-4.5091033476088676
2017-03-29,-4.422649413021986
2017-03-30,-4.61294012366938
2017-03-31,-4.511936453221375
2017-04-05,-4.373856846021712
2017-04-06,-4.580316883071015
2017-04-07,-4.747426464738849
2017-04-10,-3.673502332454418
2017-04-11,-3.6200241167676404
2017-04-12,-3.8580298166866505
2017-04-13,-3.4145294296596895
2017-04-14,-3.3035634330343413
2017-04-17,-4.2990770837221355
2017-04-18,-4.895329092634343
2017-04-19,-4.508264868079836
2017-04-20,-4.352258767911589
2017-04-21,-4.4286404422366195
2017-04-24,-4.49190503340763
2017-04-25,-4.5356485834747495
2017-04-26,-4.467574770891949
2017-04-27,-4.498251167734864
2017-04-28,-4.128767597080098
2017-05-02,-2.88836683878685
2017-05-03,-3.0706588034840867
2017-05-04,-3.2676095168272865
2017-05-05,-3.1706033450250963
2017-05-08,-2.839671100026441
2017-05-09,-2.6947875514196205
2017-05-10,-2.5952173589593746
2017-05-11,-3.0137359411072677
2017-05-12,-3.317406431357275
2017-05-15,-3.3785199461314086
2017-05-16,-3.4298250142497886
2017-05-17,-2.759878537537564
2017-05-18,-3.2673948151738648
2017-05-19,-3.335708024326859
2017-05-22,-2.4039909636321477
2017-05-23,-2.080283289877882
2017-05-24,-1.5333637268563824
2017-05-25,-1.7970727340850976
2017-05-26,-1.9348185088698926
2017-05-31,-3.2449341669193417
2017-06-01,-2.9804390999564614
2017-06-02,-2.6340105861480994
2017-06-05,-1.559042871528038
2017-06-06,-1.3427943937418128
2017-06-07,-1.056032201626555
2017-06-08,-0.929444307611677
2017-06-09,0.585698607629057
2017-06-12,1.2281849327700414
2017-06-13,1.0872996890819129
2017-06-14,0.8698014514024656
2017-06-15,1.2123933625366803
2017-06-16,0.62249193536691
2017-06-19,0.21907996883322484
2017-06-20,0.36248436033419423
2017-06-21,-0.14990377545055197
2017-06-22,-0.2687922298393521
2017-06-23,-0.23882691683041357
2017-06-26,-0.11173360923727826
2017-06-27,-0.09853932810356125
2017-06-28,0.19260463637600372
2017-06-29,0.2666689517271059
2017-06-30,0.32973054827219667
2017-07-03,1.0463806767014157
2017-07-04,1.0996851568479946
2017-07-05,0.9093654579673093
2017-07-06,0.3070480113505559
2017-07-07,-0.1692571445311813
2017-07-10,0.8260381294398642
2017-07-11,1.0024714617533557
2017-07-12,1.2903694474543013
2017-07-13,1.0521473245263886
2017-07-14,-0.143509280507878
2017-07-17,-0.2812287214421735
2017-07-18,-0.08533174661976306
2017-07-19,-0.23938723286271918
2017-07-20,-0.3912138246929077
2017-07-21,-0.2938359017076216
2017-07-24,-0.7193759224119944
2017-07-25,-0.6189571458729123
2017-07-26,-0.4992626922266723
2017-07-27,-0.28592530069634353
2017-07-28,-0.5490994854202549
2017-07-31,-0.2612262521588896
2017-08-01,-0.6080206985769815
2017-08-02,-0.5813702182839803
2017-08-03,-0.8218756863606453
2017-08-04,-0.7917584839136106
2017-08-07,0.9326202574700433
2017-08-08,1.370048495607098
2017-08-09,1.8900035764918992
2017-08-10,2.120148530072607
2017-08-11,1.3483848831453258
2017-08-14,0.3373705577936293
2017-08-15,0.17833213341671494
2017-08-16,-0.00120883954039191
2017-08-17,0.41589118213792825
2017-08-18,0.2444061324970439
2017-08-21,0.47920634416793517
2017-08-22,0.6558970794964695
2017-08-23,0.6951515326338567
2017-08-24,0.5192784547437983
2017-08-25,0.5460712236647214
2017-08-28,0.637462735563293
2017-08-29,0.37358455367970606
2017-08-30,0.011866502520132676
2017-08-31,-0.34818737424479423
2017-09-01,-0.7735503396327815
2017-09-04,-0.622022573807381
2017-09-05,-0.7405748802332804
2017-09-06,-1.093568965375563
2017-09-07,-1.3756489143309583
2017-09-08,-0.9706691260934891
2017-09-11,-1.3455128542137489
2017-09-12,-1.553609599352338
2017-09-13,-1.282218138701101
2017-09-14,-1.32760348350849
2017-09-15,-1.4530732456889164
2017-09-18,-1.4630442438349824
2017-09-19,-1.51826898085308
2017-09-20,-1.6461244787970954
2017-09-21,-1.9397849147277781
2017-09-22,-1.1947024172014755
2017-09-25,-1.2575100806451645
2017-09-26,-1.2287100422644215
2017-09-27,-0.9589634184601906
2017-09-28,-1.1387626454279942
2017-09-29,-1.2886711469178482
2017-10-09,-1.1201948559260961
2017-10-10,0.0039785483046188485
2017-10-11,-0.598457172279373
2017-10-12,-1.396446647438311
2017-10-13,-1.133488917747277
2017-10-16,-1.4069674724718415
2017-10-17,-2.574991033167834
2017-10-18,-2.968911025496406
2017-10-19,-3.2745021575835143
2017-10-20,-3.0078178175607166
2017-10-23,-3.845894335226065
2017-10-24,-4.343303840096282
2017-10-25,-4.153597918189743
2017-10-26,-4.546672346412879
2017-10-27,-4.84955030742795
2017-10-30,-4.855244462466066
2017-10-31,-4.703304828435286
2017-11-01,-4.668449503857389
2017-11-02,-4.496242921197318
2017-11-03,-4.3328341483997175
2017-11-06,-4.178125065862949
2017-11-07,-3.68501349152112
2017-11-08,-3.744036990597873
2017-11-09,-3.236801300892552
2017-11-10,-3.6752406897530077
2017-11-13,-3.559788126241458
2017-11-14,-4.30828411250542
2017-11-15,-4.6575907981926115
2017-11-16,-4.445635726148724
2017-11-17,-4.380537715933754
2017-11-20,-4.10079899344153
2017-11-21,-2.8465318168029405
2017-11-22,-2.7934968862049483
2017-11-23,-2.8560118604143785
2017-11-24,-2.7904863689062305
2017-11-27,-3.0676117651512365
2017-11-28,-3.076816943189258
2017-11-29,-3.667188040428871
2017-11-30,-5.559574780555569
2017-12-01,-5.181443951868291
2017-12-04,-4.481325105553768
2017-12-05,-5.04811783960718
2017-12-06,-4.982922824302123
2017-12-07,-7.731652839821301
2017-12-08,-8.295888637099385
2017-12-11,-7.503270111183772
2017-12-12,-7.532374749787618
2017-12-13,-7.165247541854627
2017-12-14,-6.693295452045659
2017-12-15,-6.7028113722994425
2017-12-18,-5.494186951576166
2017-12-19,-5.528493882088371
2017-12-20,-5.97723737855083
2017-12-21,-5.964361148655547
2017-12-22,-6.72907005582692
2017-12-25,-4.926715870153649
2017-12-26,-4.7107746066520715
2017-12-27,-4.584196208168348
2017-12-28,-5.375299100366379
2017-12-29,-5.418527294440094
2018-01-02,-4.88341308760523
2018-01-03,-4.25179513032818
2018-01-04,-3.922592313142872
2018-01-05,-3.72779300763381
2018-01-08,-3.234245163520881
2018-01-09,-3.4615478778450814
2018-01-10,-2.8622561681448735
2018-01-11,-3.573064135613556
2018-01-12,-3.899493388581547
2018-01-15,-3.0810545278912
2018-01-16,-4.582835462768092
2018-01-17,-4.561711509586272
2018-01-18,-4.3334213924964065
2018-01-19,-5.770341775948831
2018-01-22,-5.9620103460594835
2018-01-23,-5.583366649059075
2018-01-24,-5.715381318205199
2018-01-25,-5.191694081781194
2018-01-26,-5.258402995638577
2018-01-29,-5.095523645646366
2018-01-30,-4.814537176452473
2018-01-31,-4.831016185116118
2018-02-01,-6.046331030757002
2018-02-02,-6.059533203249521
2018-02-05,-5.269078801595399
2018-02-06,-4.980075348550375
2018-02-07,-4.451216730743911
2018-02-08,-3.867890126228397
2018-02-09,-3.216874990991707
2018-02-12,-3.0524266979525847
2018-02-13,-3.010062892748982
2018-02-14,-2.7652165076716893
2018-02-22,-1.5845292725794713
2018-02-23,-1.1644248274256142
2018-02-26,-1.020188660130362
2018-02-27,-0.5142656669140576
2018-02-28,-0.25116299717469986
2018-03-01,0.19926415666256175
2018-03-02,1.0331330389060205
2018-03-05,0.8006001455456637
2018-03-06,0.629254430874822
2018-03-07,0.29859408828193357
2018-03-08,0.8295209501987062
2018-03-09,-0.5481520501497866
2018-03-12,-1.0124178244467799
2018-03-13,-0.8278879445391336
2018-03-14,-0.5490623937720364
2018-03-15,-0.2315047679565744
2018-03-16,1.331645944855357
2018-03-19,1.5541473028719215
2018-03-20,1.4165840960053482
2018-03-21,1.6547447045390418
2018-03-22,1.6757912755034086
2018-03-23,2.6745510699130173
2018-03-26,2.8209051148305333
2018-03-27,2.4948348939385787
2018-03-28,2.2090173256460934
2018-03-29,2.3702621875213192
2018-03-30,2.3706562069746373
2018-04-02,2.742593852906501
2018-04-03,3.2459640098989184
2018-04-04,4.396897914096082
2018-04-09,5.880995609214852
2018-04-10,5.066278247154223
2018-04-11,4.6277961282479
2018-04-12,4.413481591380714
2018-04-13,4.651722005850468
2018-04-16,3.3493609296513975
2018-04-17,3.673553999361975
2018-04-18,2.8251872966671865
2018-04-19,2.0046533345865125
2018-04-20,2.246896103723258
2018-04-23,1.8202962672281935
2018-04-24,1.7660066717699137
2018-04-25,1.7570164866909574
2018-04-26,1.048030419585522
2018-04-27,0.6275629192512004
2018-05-02,1.0204476201417163
2018-05-03,1.4480610667949059
2018-05-04,1.1831415314236633
2018-05-07,1.480037946859028
2018-05-08,0.2886567864296831
2018-05-09,0.18770558215648225
2018-05-10,0.3599970847949227
2018-05-11,-0.23981153518544093
2018-05-14,-0.3320245376647204
2018-05-15,-0.8208056360901478
2018-05-16,-1.612538316650182
2018-05-17,-1.7512418993832182
2018-05-18,-1.5423953421869911
2018-05-21,-1.3513987021628862
2018-05-22,-1.572750034849756
2018-05-23,-2.1826306671896423
2018-05-24,-1.7731865949978178
2018-05-25,-2.0216517505996787
2018-05-28,-1.3714811077732552
2018-05-29,-1.0660162132065085
2018-05-30,-1.1387629928245904
2018-05-31,-1.6404583188351238
2018-06-01,-1.7421763924781473
2018-06-04,-0.796548756358052
2018-06-05,-0.8341259284349983
2018-06-06,-1.8852411802264353
2018-06-07,-2.670479287282635
2018-06-08,-3.9038136950109528
2018-06-11,-3.71765214047959
2018-06-12,-3.666040512034854
2018-06-13,-3.622044329687072
2018-06-14,-3.525070422603891
2018-06-15,-3.420018835114147
2018-06-19,-2.146210141795367
2018-06-20,-2.2541938099839722
2018-06-21,-2.931964795134089
2018-06-22,-2.9985783976927984
2018-06-25,-2.4355181593789688
2018-06-26,-2.376491494697662
2018-06-27,-1.8398747746831827
2018-06-28,-1.76484672546332
2018-06-29,-1.3429567782353542
2018-07-02,-0.8563566069206748
2018-07-03,-1.4504892796302928
2018-07-04,-1.9028611305035525
2018-07-05,-1.388393502863731
2018-07-06,-2.389595231407093
2018-07-09,-2.1816892109175945
2018-07-10,-3.1630588010891665
2018-07-11,-3.3298314893150924
2018-07-12,-3.6289404371696654
2018-07-13,-4.582553695674471
2018-07-16,-4.518515650692924
2018-07-17,-4.006564874251558
2018-07-18,-4.053997417922897
2018-07-19,-4.0106285208703225
2018-07-20,-3.8816054507812514
2018-07-23,-4.047063796937031
2018-07-24,-4.114170081608922
2018-07-25,-3.595234392270217
2018-07-26,-3.2221018478165537
2018-07-27,-3.4866277872159857
2018-07-30,-2.941982347904244
2018-07-31,-2.9388850318379127
2018-08-01,-3.250392362917306
2018-08-02,-3.42503272191945
2018-08-03,-4.060517651119207
2018-08-06,-2.9766288662322626
2018-08-07,-2.421040648957593
2018-08-08,0.2151666446818586
2018-08-09,-0.0004562391487392622
2018-08-10,0.06586469163862568
2018-08-13,-0.5321511261573326
2018-08-14,0.1063810806004485
2018-08-15,0.5429946883278496
2018-08-16,-0.21984929001266718
2018-08-17,-0.7120545659129028
2018-08-20,-1.5265296390429233
2018-08-21,-1.3089367447188718
2018-08-22,-0.8562099697108796
2018-08-23,-1.8039230652395952
2018-08-24,-1.5028169874881903
2018-08-27,-2.488936032725959
2018-08-28,-2.109420311986038
2018-08-29,-1.8013422908187662
2018-08-30,-1.3395149333746519
2018-08-31,-1.5479772383849832
2018-09-03,-1.2228910083133728
2018-09-04,-1.8134228864262518
2018-09-05,-2.351845686491745
2018-09-06,-1.6383295415312895
2018-09-07,-1.1465553420661425
2018-09-10,1.8258810912699142
2018-09-11,1.1651722902734964
2018-09-12,0.928630935903123
2018-09-13,-0.3763299789260663
2018-09-14,0.04502853937642038
2018-09-17,0.26759237609928666
2018-09-18,0.7172639320640879
2018-09-19,0.0816420293484112
2018-09-20,0.1428867632278421
2018-09-21,0.19786935987708348
2018-09-25,0.8003184599431289
2018-09-26,0.9508098261191552
2018-09-27,0.41769610835547505
2018-09-28,1.0701915762465812
2018-10-08,2.3450619477428027
2018-10-09,2.2615920588172456
2018-10-10,2.1598281965442117
2018-10-11,1.7553135475541164
2018-10-12,2.3098131022584822
2018-10-15,1.4022849777079802
2018-10-16,1.6404140743987163
2018-10-17,1.6456352466951465
2018-10-18,1.1973944239235994
2018-10-19,0.5599857528248879
2018-10-22,0.1310218919802162
2018-10-23,-0.18819242229648284
2018-10-24,0.08234098338292534
2018-10-25,0.11532073428360784
2018-10-26,-0.4938114556959309
2018-10-29,-1.2661761872895412
2018-10-30,-2.2482875915033973
2018-10-31,-1.8694706020243406
2018-11-01,-2.294325427048729
2018-11-02,-4.187057142657366
2018-11-05,-3.726841911450894
2018-11-06,-3.60348490020345
2018-11-07,-3.1567025164298816
2018-11-08,-3.6365947267891205
2018-11-09,-3.434164183580946
2018-11-12,-2.922126845397804
2018-11-13,-3.450067966738801
2018-11-14,-3.763088554715667
2018-11-15,-3.9369398272553164
2018-11-16,-3.2562114480000317
2018-11-19,-3.957347646598801
2018-11-20,-4.0909238739164335
2018-11-21,-3.641372162498432
2018-11-22,-4.0573375385264185
2018-11-23,-4.207232433322009
2018-11-26,-4.90220593566075
2018-11-27,-5.637756158145315
2018-11-28,-5.239080935624094
2018-11-29,-5.198544698544707
2018-11-30,-4.601120099564402
2018-12-03,-4.970999588646644
2018-12-04,-5.75328137817883
2018-12-05,-5.8547692307692305
2018-12-06,-6.057940367942484
2018-12-07,-6.776299112801021
2018-12-10,-6.590841001497963
2018-12-11,-6.495160249516033
2018-12-12,-6.79383886255924
2018-12-13,-7.3094112591319265
2018-12-14,-7.6227557862859605
2018-12-17,-7.093113902122135
2018-12-18,-6.895769061260472
2018-12-19,-6.912420030884623
2018-12-20,-6.409662475181993
2018-12-21,-6.9410465886509165
2018-12-24,-7.2781539649114775
2018-12-25,-7.173586607093358
2018-12-26,-7.04551536115861
2018-12-27,-6.741270100947807
2018-12-28,-6.354958821464168
2019-01-02,-5.712155047608075
2019-01-03,-5.551800031772384
2019-01-04,-5.559446298800062
2019-01-07,-5.575714091339146
2019-01-08,-5.267446139444162
2019-01-09,-5.242062963468109
2019-01-10,-5.434995986260454
2019-01-11,-6.008039709985492
2019-01-14,-6.077267181781209
2019-01-15,-5.720976926349808
2019-01-16,-6.519162854330829
2019-01-17,-6.331674403943472
2019-01-18,-5.842896808348614
2019-01-21,-4.947267131625953
2019-01-22,-4.714938429503714
2019-01-23,-4.617922669590275
2019-01-24,-4.201721963408996
2019-01-25,-4.010818707723219
2019-01-28,-4.1414477101028355
2019-01-29,-4.175751847659089
2019-01-30,-4.45973898757231
2019-01-31,-3.7599965992972257
2019-02-01,-3.1381258211612915
2019-02-11,-1.4910152220733341
2019-02-12,-1.7902266345022222
2019-02-13,-1.6480120592019218
2019-02-14,-2.1307332211873296
2019-02-15,-2.657128226534518
2019-02-18,-2.8013667756647025
2019-02-19,-2.1001651245621433
2019-02-20,-2.66485304916996
2019-02-21,-2.5443998288919922
2019-02-22,-2.5156857529504637
2019-02-25,-2.1777972831612487
2019-02-26,-2.875783622690534
2019-02-27,-2.7354678418566905
2019-02-28,-2.411017510588928
2019-03-01,-1.8990910237259768
2019-03-04,-2.3541059082755385
2019-03-05,-2.195887664833647
2019-03-06,-1.7006669724117731
2019-03-07,-1.4890948914828188
2019-03-08,-2.220452794503239
2019-03-11,-1.763860798291553
2019-03-12,-1.8034416964108368
2019-03-13,-1.7585764919583964
2019-03-14,-1.2495857612092764
2019-03-15,-0.5299583853544814
2019-03-18,-1.3662903234613115
2019-03-19,-1.5589848664185455
2019-03-20,-1.6538610003762866
2019-03-21,-1.5450270128958634
2019-03-22,-1.4210663221201354
2019-03-25,-1.8468718505864676
2019-03-26,-1.6664928428023802
2019-03-27,-1.5791038523483523
2019-03-28,-2.002154650710531
2019-03-29,-2.3446365336186896
2019-04-01,-1.989798942307039
2019-04-02,-1.8725965394405188
2019-04-03,-1.4936018739984231
2019-04-04,-1.9650695655434824
2019-04-08,-1.7649454593358298
2019-04-09,-1.759241680112754
2019-04-10,-1.6507877617076867
2019-04-11,-1.9503360544196044
2019-04-12,-2.276612700073628
2019-04-15,-1.521956046144805
2019-04-16,-1.623377597352311
2019-04-17,-2.100456860616525
2019-04-18,-2.0721001389433584
2019-04-19,-1.8511810612607487
2019-04-22,-2.151736911785377
2019-04-23,-2.058555154049597
2019-04-24,-1.9326401246063634
2019-04-25,-2.3109370343505784
2019-04-26,-3.3549313735691144
2019-04-29,-3.167128766721515
2019-04-30,-2.924163188510162
2019-05-06,-2.3644222988966463
2019-05-07,-2.362823908058245
2019-05-08,-1.8155632817984393
2019-05-09,-0.3966346901889464
2019-05-10,-0.6830106510794447
2019-05-13,-0.5758582013136261
2019-05-14,0.8945373590006832
2019-05-15,1.2341399876273422
2019-05-16,1.5780759247934026
2019-05-17,1.506937658709467
2019-05-20,2.225373558480018
2019-05-21,2.723031699034675
2019-05-22,2.0558864436732676
2019-05-23,2.1954614226287577
2019-05-24,2.244364415733503
2019-05-27,3.0465485313637304
2019-05-28,3.114619145262996
2019-05-29,5.845170726086592
2019-05-30,3.125473637567392
2019-05-31,2.387887482089901
2019-06-03,2.3594669367912746
2019-06-04,2.8520196186366538
2019-06-05,1.474854608238071
2019-06-06,0.40560614613567947
2019-06-10,0.6258313143080676
2019-06-11,0.18023463199523837
2019-06-12,-0.6795984690008313
2019-06-13,-0.22414433298039815
2019-06-14,-0.5184031744061709
2019-06-17,0.057577433093946806
2019-06-18,-0.7443648006409392
2019-06-19,-0.6604204426895517
2019-06-20,-0.7554462104582926
2019-06-21,-1.0224654114262546
2019-06-24,-0.9367582174579442
2019-06-25,-0.28233656729334394
2019-06-26,-1.1673673205575503
2019-06-27,-1.19510963165817
2019-06-28,-0.7689240131593404
2019-07-01,-2.033787660349179
2019-07-02,-2.0083067395855334
2019-07-03,-1.4975302756208044
2019-07-04,-1.5967195321779732
2019-07-05,-0.8744800508120297
2019-07-08,-1.7404087695422943
2019-07-09,-1.6194779955270324
2019-07-10,-1.676550548597699
2019-07-11,-1.8005320023509575
2019-07-12,-1.1853709083738706
2019-07-15,-0.6633214037908289
2019-07-16,-1.9305515669352176
2019-07-17,-1.9893420564258988
2019-07-18,-2.0604733847157335
2019-07-19,-1.7457023616404985
2019-07-22,-1.6640874648231523
2019-07-23,-1.6360782558807039
2019-07-24,-1.3731135095975509
2019-07-25,-1.2799388361853294
2019-07-26,-1.7958591054727522
2019-07-29,-1.8553722130280577
2019-07-30,-1.7904434172944554
2019-07-31,-1.621645896118154
2019-08-01,-1.7494218919590778
2019-08-02,-1.8890190806759135
2019-08-05,-1.2022318368467748
2019-08-06,-1.6448285372936882
2019-08-07,-1.150864159346917
2019-08-08,-1.6452534145384612
2019-08-09,-1.1368929818384654
2019-08-12,-1.3645659078395207
2019-08-13,-0.7433200013240022
2019-08-14,-1.6149131594493509
2019-08-15,-2.0854016384793486
2019-08-16,-2.39994324237962
2019-08-19,-2.135440138286967
2019-08-20,-1.875617268031851
2019-08-21,-1.7835614222808187
2019-08-22,-1.9022185310116797
2019-08-23,-0.6009639281139618
2019-08-26,0.34085883831670855
2019-08-27,-0.2681067286433514
2019-08-28,-0.1796097294615622
2019-08-29,0.06988964011892301
2019-08-30,0.0540318748292153
2019-09-02,1.4118484427016076
2019-09-03,1.1164774158483557
2019-09-04,1.0208258031579007
2019-09-05,0.0869742600368957
2019-09-06,-1.2034425645078206
2019-09-09,-1.6341494395964102
2019-09-10,-1.4043843554664912
2019-09-11,-1.8496182821045308
2019-09-12,-1.912849990368499
2019-09-16,-1.4526499756501658
2019-09-17,-0.47123230054774207
2019-09-18,-0.4832607908040385
2019-09-19,-0.8308384108230491
2019-09-20,-1.4594928533834686
2019-09-23,-1.021308491121813
2019-09-24,-1.442859399681544
2019-09-25,-1.1242436765548849
2019-09-26,-1.849623960280029
2019-09-27,-2.653069786473236
2019-09-30,-2.87340802234176
2019-10-08,-2.2361150992650165
2019-10-09,-1.4377176281837742
2019-10-10,-1.635969482540809
2019-10-11,-0.7491969347778443
2019-10-14,-0.8134144418877967
2019-10-15,-0.9593085846953099
2019-10-16,-1.0463181891762887
2019-10-17,-1.1243690100832924
2019-10-18,-1.027009401508031
2019-10-21,-0.7528244812550808
2019-10-22,-0.7729986433529626
2019-10-23,-1.205888065757561
2019-10-24,-1.482705277074918
2019-10-25,-1.4043792827869488
2019-10-28,-1.9084856733244913
2019-10-29,-1.7582464788768564
2019-10-30,-1.4807232184786596
2019-10-31,-1.3910276678887832
2019-11-01,-1.3197600238796618
2019-11-04,-1.432019383854966
2019-11-05,-1.437102716342683
2019-11-06,-1.3564872407127537
2019-11-07,-1.4509082856109166
2019-11-08,-1.4991585641275331
2019-11-11,-0.6745182840514312
2019-11-12,-0.7440360214424966
2019-11-13,-0.8540572046529644
2019-11-14,-0.9375897312360899
2019-11-15,-1.3516655034936615
2019-11-18,-1.1649125910410991
2019-11-19,-0.9087032703274573
2019-11-20,-0.7958003335916789
2019-11-21,-0.849032652900413
2019-11-22,-1.1332987152213665
2019-11-25,-1.0674420486700813
2019-11-26,-1.3685161121207168
2019-11-27,-1.3292590907874624
2019-11-28,-1.8937527198672366
2019-11-29,-1.6066721577156176
2019-12-02,-1.1598826844263155
2019-12-03,0.6273225587508768
2019-12-04,1.1303720634847432
2019-12-05,1.7382027731044356
2019-12-06,1.8142019732696022
2019-12-09,1.2982174089712568
2019-12-10,1.7652960097365913
2019-12-11,2.087200863880725
2019-12-12,1.7272394579024455
2019-12-13,1.560718998328601
2019-12-16,1.028545534278615
2019-12-17,1.6542117548444852
2019-12-18,1.0036049865103684
2019-12-19,0.8369277709459589
2019-12-20,0.7154314656096595
2019-12-23,1.1140552861412485
2019-12-24,0.05215295855906886
2019-12-25,0.4267588363869108
2019-12-26,0.4705321835247034
2019-12-27,0.667463022793967
2019-12-30,0.9109464394038617
2019-12-31,1.3265918872618723
2020-01-02,1.4577591883520684
2020-01-03,1.8539358832416881
2020-01-06,2.6137772618371353
2020-01-07,2.8130905418625933
2020-01-08,3.654892448455071
2020-01-09,5.255759687727036
2020-01-10,6.518292645998989
2020-01-13,6.769632694055188
2020-01-14,7.290573535044053
2020-01-15,7.095221422707285
2020-01-16,6.1669574183647216
2020-01-17,6.21690698941144
2020-01-20,6.10486830449953
2020-01-21,4.8669735190387975
2020-01-22,5.7720765144477015
2020-01-23,4.954795469481752
2020-02-03,2.6608499163422863
2020-02-04,3.9078891233410515
2020-02-05,3.136464254009239
2020-02-06,3.902486997310584
2020-02-07,3.996421864981226
2020-02-10,6.46942506828596
2020-02-11,6.100266217988813
2020-02-12,6.008483755505087
2020-02-13,5.637560061894294
2020-02-14,5.336230689563546
2020-02-17,5.546075103828928
2020-02-18,5.285282503778089
2020-02-19,6.091463678449357
2020-02-20,4.164790190301765
2020-02-21,4.7316222915167465
2020-02-24,4.278657394883556
2020-02-25,4.419985694227359
2020-02-26,5.095270063115161
2020-02-27,5.001796988057179
2020-02-28,2.97953276611524
2020-03-02,4.324503745885585
2020-03-03,4.2916580678609275
2020-03-04,4.936031455359232
2020-03-05,5.698122277450975
2020-03-06,4.967492759886558
2020-03-09,3.462890947000917
2020-03-10,4.167573108984855
2020-03-11,3.8740845002062887
2020-03-12,3.1574007289653103
2020-03-13,3.3092199851982422
2020-03-16,4.237249453796527
2020-03-17,4.537077643547404
2020-03-18,5.430447062877147
2020-03-19,5.981149690220621
2020-03-20,4.740219395320787
2020-03-23,4.906313831895372
2020-03-24,6.099456039504648
2020-03-25,7.397575358483078
2020-03-26,8.912524113369933
2020-03-27,9.609617379532429
2020-03-30,12.266140199131943
2020-03-31,11.161060651682563
2020-04-01,9.972512295859
2020-04-02,10.272630606831024
2020-04-03,9.913162862536465
2020-04-07,8.681848739495797
2020-04-08,8.65908388166157
2020-04-09,8.669445337567637
2020-04-10,8.49134644621884
2020-04-13,7.866125969512409
2020-04-14,8.195981297336338
2020-04-15,10.149667998379407
2020-04-16,8.736964268938134
2020-04-17,9.229994523759464
2020-04-20,7.877598638088264
2020-04-21,7.566196773787898
2020-04-22,7.695560151772662
2020-04-23,7.394714104095656
2020-04-24,7.726295548874185
2020-04-27,7.023024335135837
2020-04-28,6.842411882650179
2020-04-29,6.668297996473578
2020-04-30,5.506867994333868
2020-05-06,5.722933142683949
2020-05-07,5.315672948077143
2020-05-08,5.252266139703404
2020-05-11,4.69326700475504
2020-05-12,4.665588470251438
2020-05-13,4.4875280403001785
2020-05-14,2.656658597378974
2020-05-15,2.077881800240883
2020-05-18,1.0984066675620365
2020-05-19,0.9781291014725374
2020-05-20,0.43130642374927985
2020-05-21,1.4937591313287994
2020-05-22,2.3941591689596162
2020-05-25,2.330746152736429
2020-05-26,2.294970266562799
2020-05-27,3.6163395969166166
2020-05-28,3.3571969703275566
2020-05-29,3.370488605919269
2020-06-01,3.144041440168233
2020-06-02,2.8998297670345026
2020-06-03,1.7914310713086008
2020-06-04,1.8831698120167755
2020-06-05,0.6141802934915939
2020-06-08,2.7485781187571967
2020-06-09,2.599418137810338
2020-06-10,4.0174969719409885
2020-06-11,4.188463658366287
2020-06-12,3.7506400305860987
2020-06-15,4.450576266173484
2020-06-16,4.617377552513564
2020-06-17,4.606371376658134
2020-06-18,5.038530271713855
2020-06-19,4.522262156832393
2020-06-22,4.0599866778116205
2020-06-23,3.1689865016055525
2020-06-24,2.834129758664876
2020-06-29,4.009710044701683
2020-06-30,4.220130907116764
2020-07-01,3.8545001184508636
2020-07-02,4.088480783357261
2020-07-03,2.8605698468035
2020-07-06,2.949980492946376
2020-07-07,2.110771057372172
2020-07-08,2.190149801785457
2020-07-09,3.1206120245304003
2020-07-10,2.097583816252241
2020-07-13,1.901389442057052
2020-07-14,1.41521268848781
2020-07-15,1.9930455895439194
2020-07-16,1.2564046650953944
2020-07-17,1.5410744831752898
2020-07-20,0.6786573991000995
2020-07-21,0.2538703598380277
2020-07-22,0.6287982470286644
2020-07-23,-0.18788287807148188
2020-07-24,-0.4247240668710694
2020-07-27,0.06742174834427615
2020-07-28,0.33626522094913086
2020-07-29,0.8850459235917002
2020-07-30,0.9032747089349025
2020-07-31,1.3840140017274025
2020-08-03,1.6300406397071345
2020-08-04,1.6262373136198485
2020-08-05,0.15514041816156204
2020-08-06,0.32787698412698224
2020-08-07,0.9266380894059939
2020-08-10,0.746164232232724
2020-08-11,1.156993222427599
2020-08-12,0.268996393483404
2020-08-13,0.3945790657007209
2020-08-14,0.6244366549824678
2020-08-17,0.16027345233573984
2020-08-18,0.19461724006601516
2020-08-19,1.7143093853180524
2020-08-20,1.8902069705567084
2020-08-21,1.7158981342419073
2020-08-24,0.9258871845281554
2020-08-25,0.5639262977147679
2020-08-26,0.5428723256573721
2020-08-27,0.494920775075571
2020-08-28,0.6850379009692299
2020-08-31,0.9391100137582665
2020-09-01,1.10289455955709
2020-09-02,0.7223672716741851
2020-09-03,0.6345654821820205
2020-09-04,2.1295822352181437
2020-09-07,1.5205585807250517
2020-09-08,1.1047586909950113
2020-09-09,1.0655024143025844
2020-09-10,0.7568516021015184
2020-09-11,0.9007639695135613
2020-09-14,1.3065331663149018
2020-09-15,2.1993628768815046
2020-09-16,1.591289012659804
2020-09-17,1.9410004361794224
2020-09-18,2.1776955174571335
2020-09-21,1.8635394111071644
2020-09-22,1.192256920267673
2020-09-23,0.537769355513784
2020-09-24,1.0888170078495625
2020-09-25,1.0031873133583724
2020-09-28,0.8794570492165066
2020-09-29,-0.5795100302238062
2020-09-30,-0.7863758097463055
2020-10-09,0.9790841153714546
2020-10-12,1.4883704553451556
2020-10-13,1.0580468765950206
2020-10-14,1.135500304938371
2020-10-15,1.1969589173447654
2020-10-16,2.655306687363329
2020-10-19,3.918700290038826
2020-10-20,4.644846606226707
2020-10-21,3.36498380130878
2020-10-22,3.0173167041541964
2020-10-23,2.826781477222136
2020-10-26,3.807311396018169
2020-10-27,4.2410819920997485
2020-10-28,5.199989236932072
2020-10-29,5.397530172253998
2020-10-30,5.875351549888187
2020-11-02,6.2845333501174085
2020-11-03,6.3064445141428385
2020-11-04,6.659778253264123
2020-11-05,7.307509468628525
2020-11-06,6.986714542200142
2020-11-09,6.129248081362183
2020-11-10,6.970913762852909
2020-11-11,7.6040705486029365
2020-11-12,7.460900880743905
2020-11-13,7.616303606090177
2020-11-16,7.397698061048826
2020-11-17,7.84708763288733
2020-11-18,7.449188849622252
2020-11-19,6.573736897267861
2020-11-20,6.4982248845402175
2020-11-23,7.23888631205899
2020-11-24,7.44360692613157
2020-11-25,7.860367633341095
2020-11-26,8.144914976366938
2020-11-27,8.764319456950188
2020-11-30,9.354653188137025
2020-12-01,9.190926000545423
2020-12-02,9.71870485339455
2020-12-03,8.237418247727645
2020-12-04,6.86034355009592
2020-12-07,7.130956575472555
2020-12-08,6.659516975258819
2020-12-09,6.47521036285476
2020-12-10,7.13594659169052
2020-12-11,7.483202058805991
2020-12-14,4.275797403017112
2020-12-15,3.728775881369116
2020-12-16,3.4298582479669566
2020-12-17,3.918717024841183
2020-12-18,4.15174456798538
2020-12-21,5.647747785869006
2020-12-22,6.35486277441546
2020-12-23,6.0684039705439785
2020-12-24,6.805827762995654
2020-12-25,6.706694465124719
2020-12-28,6.328132796749601
2020-12-29,6.10374691891917
2020-12-30,6.541156017125039
2020-12-31,6.65393312484966
2021-01-04,6.1498492025381815
2021-01-05,6.3690411699948974
2021-01-06,6.781527608957262
2021-01-07,6.5004740382768915
2021-01-08,6.415838952326217
2021-01-11,7.188794812554589
2021-01-12,6.173517878666718
2021-01-13,5.76619334874208
2021-01-14,3.983777310009442
2021-01-15,4.133899581975688
2021-01-18,4.634939463555518
2021-01-19,4.78589964407924
2021-01-20,3.5125461059618024
2021-01-21,4.473398570978269
2021-01-22,3.844675689167067
2021-01-25,2.480866917114931
2021-01-26,2.665851678604349
2021-01-27,2.699073008980616
2021-01-28,2.692174827897568
2021-01-29,2.8876400569098397
2021-02-01,2.067353916906778
2021-02-02,1.3719236279020377
2021-02-03,1.4824569761169202
2021-02-04,1.8360976181599726
2021-02-05,2.941292855534595
2021-02-08,2.729415791782313
2021-02-09,3.4317436771821983
2021-02-10,2.9379274595578933
2021-02-18,3.3362474481456905
2021-02-19,3.5424211556012946
2021-02-22,2.9659560379250802
2021-02-23,3.32361650883633
2021-02-24,3.584726956130063
2021-02-25,3.5247271117900767
2021-02-26,2.466121224433684
2021-03-01,3.6962269320940755
2021-03-02,3.9980157718929634
2021-03-03,5.166551580426888
2021-03-04,5.198168112887377
2021-03-05,5.289175443487247
2021-03-08,4.39350934212412
2021-03-09,3.848887656642534
2021-03-10,3.7288509247989907
2021-03-11,3.564643326240044
2021-03-12,3.3921946138309957
2021-03-15,1.9915826009054116
2021-03-16,1.3456919847846183
2021-03-17,0.8984443628273859
2021-03-18,-0.4141524030872514
2021-03-19,-0.32427397160713667
2021-03-22,-0.2669466681335524
2021-03-23,0.38530360128875163
2021-03-24,1.008443341375832
2021-03-25,0.40957797280983194
2021-03-26,-0.8184340709127083
2021-03-29,-0.601604164026929
2021-03-30,-0.3520189402888273
2021-03-31,-0.16971607646505968
2021-04-01,0.17496339542153497
2021-04-02,0.053389069094818054
2021-04-06,-0.9489013628537578
2021-04-07,-0.9915933550663123
2021-04-08,-1.0742728579122567
2021-04-09,-1.528599632633169
2021-04-12,-1.3864405978555328
2021-04-13,-0.04739843017228365
2021-04-14,0.42228629894893543
2021-04-15,0.6126773711725141
2021-04-16,0.7506752351681104
2021-04-19,0.0173864792379583
2021-04-20,-0.49647726232958644
2021-04-21,-0.7376286714991116
2021-04-22,0.543196832487734
2021-04-23,0.8100878565095644
2021-04-26,0.5912737202195176
2021-04-27,0.3212113410274885
2021-04-28,0.2698006364080969
2021-04-29,0.11529063781136294
2021-04-30,-0.5743006329306146
2021-05-06,1.1591480336084086
2021-05-07,1.3760839101150484
2021-05-10,1.4781469942436323
2021-05-11,1.8832644383724562
2021-05-12,2.578225683348481
2021-05-13,2.375913778174929
2021-05-14,2.0223869370446956
2021-05-17,2.073733758172896
2021-05-18,1.970630523281184
2021-05-19,1.3084388841263543
2021-05-20,0.37586017354126083
2021-05-21,-0.10528706583076719
2021-05-24,-0.4621247024177737
2021-05-25,-0.5625654439900261
2021-05-26,-1.5545778699939201
2021-05-27,-1.8489484808690908
2021-05-28,-1.6522438179087242
2021-05-31,-1.6535320255610435
2021-06-01,-1.023335808965428
2021-06-02,-0.5699169132748916
2021-06-03,-0.34576952952117296
2021-06-04,-0.38422264442295456
2021-06-07,-0.19114494725552492
2021-06-08,-0.802411100168927
2021-06-09,-1.1399747875515822
2021-06-10,-1.673736141749641
2021-06-11,-1.6445308480617262
2021-06-15,-2.1891643314319484
2021-06-16,-2.447644411478664
2021-06-17,-1.8346382388935578
2021-06-18,-2.282934268211689
2021-06-21,-1.91496693150629
2021-06-22,-1.3804828251052292
2021-06-23,-1.1018563237479935
2021-06-24,-1.9451072257982096
2021-06-25,-2.070268994457957
2021-06-28,-2.2902130924631656
2021-06-29,-2.6013590326414424
2021-06-30,-2.356838316961303
2021-07-01,-1.5600706835485403
2021-07-02,-0.8442119353716367
2021-07-05,-0.2247829938160403
2021-07-06,0.21245210717905125
2021-07-07,0.18419814397501866
2021-07-08,0.4785663700619682
2021-07-09,0.8072251198703893
2021-07-12,0.9354994853340963
2021-07-13,0.8241530279292693
2021-07-14,0.7135626628782671
2021-07-15,-0.08251025638911576
2021-07-16,0.799432965740891
2021-07-19,-0.895654046920457
2021-07-20,-1.068392729498101
2021-07-21,-1.3647362596925663
2021-07-22,-1.5694210661498116
2021-07-23,-1.212549486361952
2021-07-26,-1.0824704043315527
2021-07-27,-0.6877205362968314
2021-07-28,-0.6257676288460818
2021-07-29,-0.9463865877125913
2021-07-30,-1.2001086285676217
2021-08-02,-0.9739079048158681
2021-08-03,-0.1945571899473061
2021-08-04,-0.043548153450726566
2021-08-05,-0.1336742392379748
2021-08-06,-0.23102784297887946
2021-08-09,-1.3113627343241867
2021-08-10,-1.4342011097109064
2021-08-11,-0.9892491984466861
2021-08-12,-1.7042035753126474
2021-08-13,-1.7062285362665588
2021-08-16,-0.12724250960637676
2021-08-17,-0.09032929692118748
2021-08-18,-0.06112694556054236
2021-08-19,-0.042586836317076854
2021-08-20,-1.7803468077734192
2021-08-23,-1.5327477722815597
2021-08-24,-0.2622658412692675
2021-08-25,0.3627599764344839
2021-08-26,0.5004906175995483
2021-08-27,0.42040898411827354
2021-08-30,-0.6026851477400571
2021-08-31,-0.6746468365732554
2021-09-01,-0.9498131537333492
2021-09-02,-0.5709278628451515
2021-09-03,0.4646408871599557
2021-09-06,0.29486494613633646
2021-09-07,0.16940440934518983
2021-09-08,0.2386091260845349
2021-09-09,0.7425809848268893
2021-09-10,1.1002852278263007
2021-09-13,1.0892317633782735
2021-09-14,0.7277936837007949
2021-09-15,0.5242600168465998
2021-09-16,1.310837905090969
2021-09-17,1.4324233558322614
2021-09-22,1.4324762456463556
2021-09-23,2.009426096786234
2021-09-24,2.3851190892306193
2021-09-27,0.9029937018461153
2021-09-28,1.0233049641796366
2021-09-29,1.2039824018288494
2021-09-30,1.0446946554084868
2021-10-08,3.287820434136965
2021-10-11,3.89080243347945
2021-10-12,3.744674205665689
2021-10-13,3.127547428473515
2021-10-14,2.023708598499214
2021-10-15,2.1704997355213305
2021-10-18,1.9493160214238805
2021-10-19,1.5853899913083962
2021-10-20,1.5045349638168113
2021-10-21,2.897227992621143
2021-10-22,2.667994966915428
2021-10-25,3.184332566345881
2021-10-26,2.7704656182551166
2021-10-27,2.6968233501207797
2021-10-28,2.4259945700020107
2021-10-29,3.2336192272569297
2021-11-01,3.549540890460601
2021-11-02,3.4392219295307855
2021-11-03,3.8133759896612625
2021-11-04,4.662144445212361
2021-11-05,5.369837124547458
2021-11-08,3.852227304322201
2021-11-09,3.88183008576515
2021-11-10,4.853372160596325
2021-11-11,4.676540345413531
2021-11-12,4.409408402622498
2021-11-15,3.9353841749501943
2021-11-16,4.071128715364567
2021-11-17,2.9779897421776327
2021-11-18,3.6711132762127567
2021-11-19,2.8485252660923006
2021-11-22,2.5425332298602825
2021-11-23,1.7735389082255264
2021-11-24,1.8482457949552948
2021-11-25,1.745849332249638
2021-11-26,1.8577214062580132
2021-11-29,0.7449392366223176
2021-11-30,0.7388949291550101
2021-12-01,0.9579192563472877
2021-12-02,0.4745754824109789
2021-12-03,0.21250086835486648
2021-12-06,-0.3524768422408104
2021-12-07,0.3335792307751038
2021-12-08,-0.6335319407070062
2021-12-09,-0.5847782334156261
2021-12-10,-1.4262603678517751
2021-12-13,-1.0506497365280136
2021-12-14,-1.4027418320722795
2021-12-15,-1.502830383954134
2021-12-16,-0.7661081745552859
2021-12-17,-0.6757509650656289
2021-12-20,-0.260189158177326
2021-12-21,-1.0880594940311115
2021-12-22,-1.3258226050583837
2021-12-23,-0.9211862052194977
2021-12-24,-1.6705764788295319
2021-12-27,-0.7987756661152883
2021-12-28,-0.32345851228304456
2021-12-29,-1.83246536712307
2021-12-30,-1.8857150258963598
2021-12-31,-1.8531398681155218
2022-01-04,-2.1367495763023423
2022-01-05,-1.8360472657913418
2022-01-06,-2.1460167236259293
2022-01-07,-1.9593616163183203
2022-01-10,-2.450035872694703
2022-01-11,-2.9110125994746183
2022-01-12,-2.934888569460982
2022-01-13,-3.4080207750317486
2022-01-14,-2.8659413448340496
2022-01-17,-2.4537974278836736
2022-01-18,-2.21238525072288
2022-01-19,-1.760406383942274
2022-01-20,-1.0240677958338713
2022-01-21,-0.6175979576628592
2022-01-24,0.29521645849199324
2022-01-25,0.7362319882950801
2022-01-26,1.709095954395819
2022-01-27,1.3392874299090392
2022-01-28,1.3947878910497185
2022-02-07,1.292680850859656
2022-02-08,1.9826227894762778
2022-02-09,2.7247752969552725
2022-02-10,2.5939004630519826
2022-02-11,2.3961571036469103
2022-02-14,1.7479334999235467
2022-02-15,1.4707315562359153
2022-02-16,0.5347530300028216
2022-02-17,0.4030414435653708
2022-02-18,0.045883858552659786
2022-02-21,0.16057730456851035
2022-02-22,0.14149267988272313
2022-02-23,0.05607393474718194
2022-02-24,1.1330035703571582
2022-02-25,1.49024375736752
2022-02-28,-0.15454797465375952
2022-03-01,1.7711159279543631
2022-03-02,2.070519463195308
2022-03-03,2.422880896835488
2022-03-04,1.3064393765296745
2022-03-07,1.5979643504426309
2022-03-08,1.2860811110296868
2022-03-09,2.5090341649036683
2022-03-10,1.1527340971078968
2022-03-11,1.1756464526572719
2022-03-14,0.9690968664182805
2022-03-15,1.6047200718117482
2022-03-16,2.3270510101930153
2022-03-17,2.3007979950808117
2022-03-18,1.83236791281632
2022-03-21,2.0362490236786748
2022-03-22,2.625081912788048
2022-03-23,2.345045419593036
2022-03-24,1.6595269546358489
2022-03-25,1.643314995062254
2022-03-28,1.0685170888367228
2022-03-29,1.0170881510559175
2022-03-30,1.5629735559140243
2022-03-31,2.488665462378495
2022-04-01,2.308636151743384
2022-04-06,2.045973254596788
2022-04-07,1.1526919017033712
2022-04-08,1.9225026888520123
2022-04-11,1.9761828727988247
2022-04-12,1.26671945511467
2022-04-13,1.2503785363554196
2022-04-14,1.051857487793008
2022-04-15,1.3795032865719312
2022-04-18,0.6434802381206536
2022-04-19,0.7830067819305484
2022-04-20,0.8257746827746851
2022-04-21,0.24766062789966556
2022-04-22,0.29684936365135667
2022-04-25,0.1843288264640995
2022-04-26,0.189786397268734
2022-04-27,-0.1550866976192358
2022-04-28,0.4392132348389171
2022-04-29,0.7716213491970513
2022-05-05,0.21963749013982023
2022-05-06,0.5654837978547549
2022-05-09,0.6910928079080912
2022-05-10,0.7227384190471462
2022-05-11,0.06401532980248409
2022-05-12,1.0337887230819895
2022-05-13,1.2533050867530122
2022-05-16,1.3992782424629875
2022-05-17,1.155916522046201
2022-05-18,0.9664095360478706
2022-05-19,1.0862129787950603
2022-05-20,1.2726373966246642
2022-05-23,1.399039147603048
2022-05-24,1.779482119778999
2022-05-25,1.5308677612701804
2022-05-26,1.1719992489819648
2022-05-27,1.4293534632701357
2022-05-30,1.035262890359619
2022-05-31,0.7793526764972288
2022-06-01,0.6093152827260111
2022-06-02,1.300457255652728
2022-06-06,0.5065405888728728
2022-06-07,0.44365883458097105
2022-06-08,0.6708682042556815
2022-06-09,0.7013169904083135
2022-06-10,0.08985850464426177
2022-06-13,0.09715147668338157
2022-06-14,-0.06706895880884176
2022-06-15,-0.3886703249038465
2022-06-16,0.11027271994485084
2022-06-17,-0.16990385905091124
2022-06-20,0.10418434449546272
2022-06-21,-0.9563455332435332
2022-06-22,-1.6699864845477925
2022-06-23,-2.3866045019275397
2022-06-24,-3.585400996696419
2022-06-27,-2.9266101397593776
2022-06-28,-1.8274208954106825
2022-06-29,-2.2387595404647147
2022-06-30,-2.0680833747959504
2022-07-01,-2.545765936991093
2022-07-04,-3.0500502929143196
2022-07-05,-3.1748876980177774
2022-07-06,-3.802276944120773
2022-07-07,-3.109620541406985
2022-07-08,-3.4209742468296653
2022-07-11,-3.915851933254719
2022-07-12,-3.9238148948520375
2022-07-13,-4.6117905880227665
2022-07-14,-3.304445841493077
2022-07-15,-3.4968543829141328
2022-07-18,-3.7146580181574063
2022-07-19,-4.238960063665904
2022-07-20,-3.5619376081433356
2022-07-21,-3.671641004404972
2022-07-22,-4.249792326253342
2022-07-25,-4.144832821120455
2022-07-26,-2.3581689280991283
2022-07-27,-1.9082447050847726
2022-07-28,-1.1518193464101727
2022-07-29,0.2854387004451222
2022-08-01,1.9772021717446493
2022-08-02,2.1559130302912726
2022-08-03,1.8282419784200339
2022-08-04,1.206859947108705
2022-08-05,1.441818285551037
2022-08-08,1.7234795339050997
2022-08-09,1.2201069418020345
2022-08-10,1.7311069803659473
2022-08-11,2.107558266690621
2022-08-12,1.6985626828013054
2022-08-15,1.3257196304288852
2022-08-16,0.2319224873438444
2022-08-17,0.18301170831750488
2022-08-18,0.15686332209437231
2022-08-19,-0.30730251058946917
2022-08-22,-0.10096254447014792
2022-08-23,-0.6381156311071347
2022-08-24,-0.9338060337448967
2022-08-25,-0.5035837569467592
2022-08-26,0.5092452826261831
2022-08-29,0.26984232571586664
2022-08-30,-0.1097619621432566
2022-08-31,-0.7546987325688812
2022-09-01,-0.7417126009075042
2022-09-02,-1.0479429316183122
2022-09-05,-1.3756338189659454
2022-09-06,-1.4596527868252387
2022-09-07,-1.3589681323659308
2022-09-08,-1.4103204175671027
2022-09-09,-2.217385021512247
2022-09-13,0.18904135216400902
2022-09-14,-0.17656881669111102
2022-09-15,0.11534623605067805
2022-09-16,0.18238112868581918
2022-09-19,0.7948777582434393
2022-09-20,0.886810864064903
2022-09-21,1.9011363990301373
2022-09-22,1.960114510156631
2022-09-23,2.355146701221133
2022-09-26,1.478717880917983
2022-09-27,1.813815401364639
2022-09-28,1.588194498557077
2022-09-29,2.317153386517482
2022-09-30,1.8048169415209683
2022-10-10,1.2290751660049068
2022-10-11,0.702329329214062
2022-10-12,0.053680187194118135
2022-10-13,-0.18306749132755992
2022-10-14,-0.07360309114173337
2022-10-17,-0.18548421281682814
2022-10-18,0.08780557897640036
2022-10-19,-0.2859424304819357
2022-10-20,-1.421729431923388
2022-10-21,-1.6006980654136627
2022-10-24,-2.0082555535984534
2022-10-25,-2.2082483182218176
2022-10-26,-2.2374383335715677
2022-10-27,-1.9803265649614938
2022-10-28,-2.072489733885484
2022-10-31,-2.1448949147732557
2022-11-01,-1.8798084942186655
2022-11-02,-2.0199431813041495
2022-11-03,-1.9052762277531328
2022-11-04,-2.410821445470419
2022-11-07,-2.2865567732660224
2022-11-08,-2.587409284421133
2022-11-09,-1.9678186412590635
2022-11-10,-0.8803846024870644
2022-11-11,-0.9667763763920134
2022-11-14,-1.984235126832961
2022-11-15,-1.7415610934868349
2022-11-16,-1.8228537441810468
2022-11-17,-1.836123554047761
2022-11-18,-1.095800475092479
2022-11-21,-2.2636789306131817
2022-11-22,-2.354098148155959
2022-11-23,-2.507379295558759
2022-11-24,-1.7967238229657005
2022-11-25,-1.8931144755338667
2022-11-28,-1.8366293617845957
2022-11-29,-2.1631551047311106
2022-11-30,-2.1451561979464326
2022-12-01,-2.178739696610074
2022-12-02,-2.357319867654157
2022-12-05,-1.4763547678781013
2022-12-06,-1.8764929618936566
2022-12-07,-2.032922160729154
2022-12-08,-1.5172831233206567
2022-12-09,-1.576066160271297
2022-12-12,-2.2001179935258834
2022-12-13,-2.6906365500173166
2022-12-14,-2.724315825931125
2022-12-15,-3.7313462793757015
2022-12-16,-3.685766906641479
2022-12-19,-3.479958667261833
2022-12-20,-3.906122213387632
2022-12-21,-3.7886235354513356
2022-12-22,-4.674200207082842
2022-12-23,-4.8572748613267605
2022-12-26,-4.247178822052986
2022-12-27,-4.27953115730072
2022-12-28,-3.7514634073164173
2022-12-29,-4.180257720025977
2022-12-30,-3.978522442596756
2023-01-03,-3.216307364834305
2023-01-04,-3.4814718489403864
2023-01-05,-3.8599716247627787
2023-01-06,-3.791803620066581
2023-01-09,-2.974787900186064
2023-01-10,-2.5201660541443376
2023-01-11,-2.562458070591035
2023-01-12,-2.2153623563965557
2023-01-13,-1.2014747224137592
2023-01-16,-1.140072936298335
2023-01-17,0.4602684805378206
2023-01-18,1.027004502216981
2023-01-19,1.2477894631340987
2023-01-20,1.5744752195591123
2023-01-30,2.092772895090061
2023-01-31,1.9151904896471397
2023-02-01,2.172314252900052
2023-02-02,2.987308732033848
2023-02-03,2.444386385574839
2023-02-06,2.8853927907715073
2023-02-07,2.7588861820624793
2023-02-08,2.5618701051265473
2023-02-09,2.3902690960023216
2023-02-10,3.1576535586263463
2023-02-13,2.1265729907356934
2023-02-14,2.429038825513216
2023-02-15,2.943332089628412
2023-02-16,3.3126987745893572
2023-02-17,3.6441511499296344
2023-02-20,3.3857134694499678
2023-02-21,3.35466256085034
2023-02-22,4.264703671399353
2023-02-23,3.3172765670897704
2023-02-24,3.4362860610247057
2023-02-27,3.1022761793949085
2023-02-28,2.9399263271504306
2023-03-01,2.81718937920076
2023-03-02,2.6106510949058874
2023-03-03,2.2458188215017736
2023-03-06,1.5238587694465513
2023-03-07,0.9846404573529557
2023-03-08,0.2300248549463637
2023-03-09,2.5336835933297768
2023-03-10,2.5222308837956056
2023-03-13,2.1808166974648966
2023-03-14,1.5864915685062888
2023-03-15,0.9685878754532785
2023-03-16,1.175757589440928
2023-03-17,0.41816507460120533
2023-03-20,0.43107661613276455
2023-03-21,0.2906553041230784
2023-03-22,0.7112794645477499
2023-03-23,0.09184430042536709
2023-03-24,0.17707104774122995
2023-03-27,-0.10757438459384484
2023-03-28,-0.3864987531465631
2023-03-29,-0.8503837717185609
2023-03-30,-0.8770519096038663
2023-03-31,-0.522790740508346
2023-04-03,-0.5565540500423635
2023-04-04,-1.0456314664564446
2023-04-06,-2.003361722160891
2023-04-07,-2.7629443081554714
2023-04-10,-2.68386798710392
2023-04-11,-3.6414802760481444
2023-04-12,-3.457916470568572
2023-04-13,-3.4373213005239527
2023-04-14,-3.7226282832445383
2023-04-17,-3.9505855002783856
2023-04-18,-2.9107158693414386
2023-04-19,-3.7700598694351504
2023-04-20,-5.476611838747621
2023-04-21,-6.815560575105297
2023-04-24,-5.434252380889636
2023-04-25,-5.728509507800025
2023-04-26,-6.358256427083053
2023-04-27,-6.933328231495321
2023-04-28,-7.0085250906240875
2023-05-04,-7.462056746363028
2023-05-05,-5.86916457242791
2023-05-08,-2.4548702645811464
2023-05-09,-2.9144279304567453
2023-05-10,-4.799784680949614
2023-05-11,-4.525573801845636
2023-05-12,-2.5519420526840886
2023-05-15,-2.5993177761805755
2023-05-16,-2.4654708299931203
2023-05-17,-2.291163308387538
2023-05-18,-2.8147304878071773
2023-05-19,-2.9371598508336385
2023-05-22,-2.7214026487379903
2023-05-23,-2.597892257538248
2023-05-24,-2.2046287885089497
2023-05-25,-2.7662183952910886
2023-05-26,-2.854109879328583
2023-05-29,-3.4792740698937745
2023-05-30,-2.3264180293988335
2023-05-31,-3.3668044901326253
2023-06-01,-2.4904241788629427
2023-06-02,-2.4568706548738213
2023-06-05,-2.544135893421611
2023-06-06,-2.7191531247815095
2023-06-07,-1.833517251258774
2023-06-08,-2.2846407542085743
2023-06-09,-2.0216789641887725
2023-06-12,-2.33752399071517
2023-06-13,-2.0828999767139
2023-06-14,-2.225293122113411
2023-06-15,-1.5109271475480937
2023-06-16,0.14446613495484667
2023-06-19,0.7306330883396821
2023-06-20,1.2729708067733925
2023-06-21,1.971672133451792
2023-06-26,2.0576056296498577
2023-06-27,1.9089436407656053
2023-06-28,2.4998564062665745
2023-06-29,2.9393189410764364
2023-06-30,3.020901765554431
2023-07-03,3.7829248667669044
2023-07-04,3.993859241902916
2023-07-05,4.48179092753469
2023-07-06,3.6326685365838016
2023-07-07,3.4334711473813897
2023-07-10,2.9350299588756834
2023-07-11,2.8221454221488003
2023-07-12,2.872577269988979
2023-07-13,2.4962883946439343
2023-07-14,2.377768510864401
2023-07-17,2.298966630503613
2023-07-18,2.1012209229519847
2023-07-19,2.1606372075055624
2023-07-20,1.967850756304902
2023-07-21,1.6248069673774028
2023-07-24,0.4990216058824953
2023-07-25,0.3806984907520545
2023-07-26,0.7709430974353196
2023-07-27,0.6748416061474571
2023-07-28,0.4926425359969015
2023-07-31,0.5329704523929626
2023-08-01,0.5095717975516474
2023-08-02,0.04495625238267541
2023-08-03,0.19378347374959032
2023-08-04,0.6818751514053908
2023-08-07,0.9025302403557612
2023-08-08,0.7748002464312996
2023-08-09,2.3069771105832193
2023-08-10,1.8351870928047664
2023-08-11,1.2522991129371037
2023-08-14,1.5267779082805042
2023-08-15,1.606471829206576
2023-08-16,1.816249328147655
2023-08-17,3.282921640699636
2023-08-18,3.8222166517462624
2023-08-21,3.7522972372836327
2023-08-22,2.5632510587785955
2023-08-23,2.968810642884467
2023-08-24,3.006303735799807
2023-08-25,3.8346093281257922
2023-08-28,3.4661275317225937
2023-08-29,3.177653769834412
2023-08-30,3.6196235983104095
2023-08-31,3.85368664509948
2023-09-01,3.8693354902073565
2023-09-04,2.9092924417786095
2023-09-05,3.1189324772246807
2023-09-06,3.4030012232032196
2023-09-07,2.609400061659621
2023-09-08,1.6665230174239212
2023-09-11,1.6561109857767435
2023-09-12,1.8907997956999363
2023-09-13,1.1879087884421042
2023-09-14,0.7613579973431357
2023-09-15,0.6807284819423401
2023-09-18,0.7030218013724219
2023-09-19,0.24545047370633433
2023-09-20,0.9821213257929007
2023-09-21,0.6619896706387772
2023-09-22,0.24607536925922838
2023-09-25,-0.30608891050182996
2023-09-26,-0.1689383879369281
2023-09-27,0.1417662982905047
2023-09-28,0.198786728983175
2023-10-09,-0.10583392042572375
2023-10-10,-0.31353631900836254
2023-10-11,-0.1649517447896151
2023-10-12,-0.6438983621977208
2023-10-13,-0.6151630749410943
2023-10-16,-0.9274567539494711
2023-10-17,-2.2273472125888785
2023-10-18,-2.5483604944895055
2023-10-19,-2.427192151295288
2023-10-20,-2.3471172770732367
2023-10-23,-2.633618809887988
2023-10-24,-3.0750142628638724
2023-10-25,-3.1353815838092123
2023-10-26,-2.1628553712437486
2023-10-27,-1.9569462615948223
2023-10-30,-2.4219982266642215
2023-10-31,-2.9302616724409263
2023-11-01,-2.8298802429943604
2023-11-02,-2.3031863360417466
2023-11-03,-1.8416850725893648
2023-11-06,-1.4996812621838982
2023-11-07,-1.573021086654515
2023-11-08,-1.218230429077852
2023-11-09,-0.9557877963470008
2023-11-10,-1.7106627645919354
2023-11-13,-1.6964048677195223
2023-11-14,-1.1922525968343145
2023-11-15,-0.35332272940154386
2023-11-16,0.16243327659062842
2023-11-17,0.5512473535772271
2023-11-20,0.7381676897195873
2023-11-21,0.5529901176226245
2023-11-22,0.5089135204565169
2023-11-23,0.45703723986116773
2023-11-24,0.5258785382181121
2023-11-27,0.1792904450357359
2023-11-28,0.02140942591317265
2023-11-29,0.3326749851439011
2023-11-30,-0.1092945488632644
2023-12-01,-0.7412115351108998
2023-12-04,-1.342766381157723
2023-12-05,-1.6261778694935092
2023-12-06,-2.375819669582674
2023-12-07,-2.1832747044074625
2023-12-08,-1.9512598124268523
2023-12-11,-1.9123716602743281
2023-12-12,-1.264606416385814
2023-12-13,-2.621585042830036
2023-12-14,-3.0514552403956814
2023-12-15,-2.5923802012024297
2023-12-18,-3.102365669198242
2023-12-19,-3.0640394657833676
2023-12-20,-2.744731704884514
2023-12-21,-1.9719383382527265
2023-12-22,-1.8842988203009179
2023-12-25,-1.454158442330706
2023-12-26,-1.1383030920906279
2023-12-27,-0.28515409875710335
2023-12-28,0.18036181214680452
2023-12-29,0.13271914193595272
2024-01-02,-0.7757228549572214
2024-01-03,-2.0114044061926615
2024-01-04,-2.171441726924377
2024-01-05,-2.3722050983756735
2024-01-08,-2.501013782483942
2024-01-09,-2.7125289073722754
2024-01-10,-2.670860559320686
2024-01-11,-2.5304941881133027
2024-01-12,-3.038472532214458
2024-01-15,-2.81251625880337
2024-01-16,-2.1665576821480994
2024-01-17,-2.404198912858042
2024-01-18,-2.85426854432741
2024-01-19,-2.698069033378006
2024-01-22,-2.865037846155595
2024-01-23,-2.40884684167607
2024-01-24,-1.9507154302463416
2024-01-25,-2.655271749470339
2024-01-26,-4.337120180400185
2024-01-29,-4.266317725173819
2024-01-30,-3.884709475524128
2024-01-31,-2.9516286546031627
2024-02-01,-2.8070873806584897
2024-02-02,-3.3275308711067546
2024-02-05,-2.9949890364764467
2024-02-06,-2.3335504123578463
2024-02-07,-2.2465083923963416
2024-02-08,-1.8987779251679118
2024-02-19,-3.3870356433893427
2024-02-20,-3.3963911918786547
2024-02-21,-3.2175809460201066
2024-02-22,-3.5688048887343222
2024-02-23,-4.721907467467073
2024-02-26,-5.382229611851849
2024-02-27,-5.182561174250759
2024-02-28,-6.44127485621109
2024-02-29,-6.1135981347963115
2024-03-01,-5.0998584451956885
2024-03-04,-4.782677822747801
2024-03-05,-4.876614415684353
2024-03-06,-3.5671583385233108
2024-03-07,-2.773055193119057
2024-03-08,-2.2864629425969984
2024-03-11,-2.1442668640777804
2024-03-12,-1.7452092297594697
2024-03-13,-0.8947847327425527
2024-03-14,-0.2148706681401095
2024-03-15,0.24583573939238082
2024-03-18,0.2340194331631368
2024-03-19,-0.5005032333845894
2024-03-20,-0.49247651251773367
2024-03-21,-0.44488338657236
2024-03-22,-0.7075592184767339
2024-03-25,-0.5922464872158267
2024-03-26,-0.002250061530853191
2024-03-27,-0.25067673964889564
2024-03-28,0.3872088695200732
2024-03-29,0.5905357373175258
2024-04-01,0.722277341054714
2024-04-02,0.8685611706716403
2024-04-03,1.091423557310734
2024-04-08,1.574483685191742
2024-04-09,1.275598256396068
2024-04-10,1.1235747432611887
2024-04-11,1.370572991787835
2024-04-12,0.5199181080283486
2024-04-15,-0.09306846698912416
2024-04-16,-0.4353018654131584
2024-04-17,-1.1941336255284012
2024-04-18,-1.7076377876936517
2024-04-19,-1.1514837491744043
2024-04-22,-1.3162395095806165
2024-04-23,-1.5198408344124257
2024-04-24,-0.5286647538769416
2024-04-25,-0.13006004492253403
2024-04-26,-0.679735162521827
2024-04-29,-0.3592110370408862
2024-04-30,-0.5149654714617531
2024-05-06,-0.150187134148177
2024-05-07,1.0380628221006207
2024-05-08,0.40388440217953775
2024-05-09,0.4737940124712119
2024-05-10,-1.3318016669126016
2024-05-13,-1.1068370238309198
2024-05-14,-0.2400330297629644
2024-05-15,-0.5962580186809305
2024-05-16,-0.5970478080848373
2024-05-17,0.29967479958148446
2024-05-20,0.13809017988191793
2024-05-21,0.04258959226486771
2024-05-22,0.4404439874765195
2024-05-23,0.5160534072518472
2024-05-24,0.4345734023264966
2024-05-27,-0.11440128606442726
2024-05-28,0.04273071495278083
2024-05-29,0.39627698555668417
2024-05-30,0.047574520322224215
2024-05-31,0.034483873087886675
2024-06-03,-0.04772249512292316
2024-06-04,0.5074865398636034
2024-06-05,-0.10538467955904343
2024-06-06,-0.19347907635420344
2024-06-07,0.00907533487105546
2024-06-11,-0.1757994703053418
2024-06-12,-0.13256236086306264
2024-06-13,-0.6226110000446159
2024-06-14,-0.7011647809366699
2024-06-17,-1.5251060036901942
2024-06-18,-1.751691878522476
2024-06-19,-1.5735148340897396
2024-06-20,-1.1624905484891108
2024-06-21,-0.004022367324326764
2024-06-24,1.3319145762982023
2024-06-25,1.105699111490062
2024-06-26,1.356080343029122
2024-06-27,1.6776209757300105
2024-06-28,2.389460977670471
2024-07-01,2.0326011755077884
2024-07-02,2.2032416159821575
2024-07-03,2.22464097950757
2024-07-04,2.560881176981505
2024-07-05,3.042197874397792
2024-07-08,1.6734230437843014
2024-07-09,1.1514190599074399
2024-07-10,0.564519413419106
2024-07-11,0.4432720045472329
2024-07-12,0.08436832276632085
2024-07-15,-1.480430554737629
2024-07-16,-2.1908770063307723
2024-07-17,-2.0678662811219612
2024-07-18,-2.1696403355204654
2024-07-19,-2.2840365219802634
2024-07-22,-1.9260225783599432
2024-07-23,-1.560170158830962
2024-07-24,-1.6054612082355875
2024-07-25,-1.861432131032519
2024-07-26,-1.4169342132925387
2024-07-29,-1.2223488068003967
2024-07-30,-1.169646384744226
2024-07-31,-1.1112933791733617
2024-08-01,-0.37795541776039693
2024-08-02,0.6247002279621098
2024-08-05,0.038617221930162454
2024-08-06,-0.03548767920221107
2024-08-07,-0.10479054049295639
2024-08-08,-0.009888160175351426
2024-08-09,-0.255096042014911
2024-08-12,-0.6570020439922861
2024-08-13,-1.155918050572205
2024-08-14,-2.361514512976369
2024-08-15,-2.793262930467104
2024-08-16,-3.1117549260910704
2024-08-19,-3.2085842989675033
2024-08-20,-4.201520809628031
2024-08-21,-3.688197525040875
2024-08-22,-4.140537678813199
2024-08-23,-4.189616323342144
2024-08-26,-2.797491767374637
2024-08-27,-1.6517866982062965
2024-08-28,-1.7303365643634072
2024-08-29,-1.7404420732401544
2024-08-30,-1.7913559109645871
2024-09-02,-2.8142306446723406
2024-09-03,-1.75294406531656
2024-09-04,-1.4771268220485565
2024-09-05,-0.3483201133623596
2024-09-06,-0.48831721004248624
2024-09-09,-1.676904192013001
2024-09-10,-1.245867387007975
2024-09-11,-1.3606586913491525
2024-09-12,-1.1633668170068925
2024-09-13,-0.9908217501716243
2024-09-18,-4.261456817348001
2024-09-19,-4.7408534310141235
2024-09-20,-5.104941937120123
2024-09-23,-5.552615914841665
2024-09-24,-4.913735342431309
2024-09-25,-5.290117760881871
2024-09-26,-3.715763734038883
2024-09-27,-3.539828308091442
2024-09-30,-2.791765038534726
2024-10-08,-7.489755457328808
2024-10-09,-7.719476150895801
2024-10-10,-8.13873298346821
2024-10-11,-8.069806200630497
2024-10-14,-7.5353009260036865
2024-10-15,-7.6551448313569646
2024-10-16,-7.879162287254582
2024-10-17,-8.173280596520886
2024-10-18,-7.423419775876624
2024-10-21,-7.5974894525585555
2024-10-22,-7.322005008532437
2024-10-23,-6.5557705963297295
2024-10-24,-6.294670748364746
2024-10-25,-7.927828873149915
2024-10-28,-7.305033374004185
2024-10-29,-6.920089498497293
2024-10-30,-5.928731340539287
2024-10-31,-5.677917035337881
2024-11-01,-5.439828698032478
2024-11-04,-5.5278528356832135
2024-11-05,-5.547202359644945
2024-11-06,-4.9360571218924125
2024-11-07,-2.972050496797894
2024-11-08,-3.88166574499545
2024-11-11,-3.3489850017298277
2024-11-12,-4.166719416878383
2024-11-13,-5.2192088870899
2024-11-14,-5.380718175302361
2024-11-15,-7.233666998048605
2024-11-18,-6.522566052417852
2024-11-19,-6.040425890347542
2024-11-20,-6.089204301048331
2024-11-21,-6.05749045859805
2024-11-22,-6.1843252767839765
2024-11-25,-5.589749832345842
2024-11-26,-5.466091303224717
2024-11-27,-5.196843665323959
2024-11-28,-4.8544714313229305
2024-11-29,-5.137671586808007
2024-12-02,-5.294710367074637
2024-12-03,-5.14134359438419
2024-12-04,-6.269003900270178
2024-12-05,-5.713141739815542
2024-12-06,-5.11665659346217
2024-12-09,-5.19868735561168
2024-12-10,-5.026584653469301
2024-12-11,-5.207457491509442
2024-12-12,-4.864002300172522
2024-12-13,-5.031313424180933
2024-12-16,-5.757873446980631
2024-12-17,-6.0346520358071
2024-12-18,-6.3890595756559305
2024-12-19,-6.457272800277799
2024-12-20,-5.355650083973025
2024-12-23,-4.5504755377872605
2024-12-24,-3.7793960523347665
2024-12-25,-2.250323185049144
2024-12-26,-2.4785940812274054
2024-12-27,-2.332549315283649
2024-12-30,-2.437282523404497
2024-12-31,-1.8646068153026214
