date,FCT_Dmi_Adx@5
2013-10-09,
2013-10-10,
2013-10-11,
2013-10-14,
2013-10-15,
2013-10-16,
2013-10-17,
2013-10-18,
2013-10-21,
2013-10-22,50.79622479622479
2013-10-23,37.67969363091314
2013-10-24,31.56540791662743
2013-10-25,20.196986863995853
2013-10-28,32.07963874664773
2013-10-29,45.06753220911746
2013-10-30,51.3241599927866
2013-10-31,55.00147091715635
2013-11-01,60.61550600487565
2013-11-04,47.4748688642385
2013-11-05,35.24888016367353
2013-11-06,35.88656132309383
2013-11-07,31.942583732057415
2013-11-08,34.84639498432601
2013-11-11,47.81609195402298
2013-11-12,48.19704433497537
2013-11-13,42.02160573848413
2013-11-14,37.51585861204735
2013-11-15,27.033099991357698
2013-11-18,22.79067574893346
2013-11-19,23.779092737350446
2013-11-20,28.80301618232652
2013-11-21,27.784953784953778
2013-11-22,37.631107631107625
2013-11-25,41.5836768010681
2013-11-26,56.88097409836539
2013-11-27,62.11687743553456
2013-11-28,70.50247557723026
2013-11-29,67.10408292510625
2013-12-02,63.568801385548156
2013-12-03,50.33070614745293
2013-12-04,48.67769051081853
2013-12-05,52.48256855959902
2013-12-06,53.85298918375099
2013-12-09,56.68521799435441
2013-12-10,59.0661703753068
2013-12-11,53.96813115962051
2013-12-12,46.8570200485094
2013-12-13,44.472800494478534
2013-12-16,45.32386432426576
2013-12-17,51.78100718140862
2013-12-18,59.50030542702266
2013-12-19,66.61141653813377
2013-12-20,67.6536447501733
2013-12-23,66.46215538847117
2013-12-24,61.19548872180451
2013-12-25,52.52380952380952
2013-12-26,46.32773109243697
2013-12-27,45.01820728291317
2013-12-30,37.818207282913164
2013-12-31,37.760736018545344
2014-01-02,47.431065688875016
2014-01-03,51.31135464656336
2014-01-06,49.7637355989443
2014-01-07,58.452107691967555
2014-01-08,64.99106043781686
2014-01-09,54.681071918873116
2014-01-10,43.45300174343452
2014-01-13,38.69109698152975
2014-01-14,29.32970901549063
2014-01-15,31.75627351102064
2014-01-16,45.081646645349
2014-01-17,61.0255062944718
2014-01-20,73.46248108438778
2014-01-21,83.88095150285818
2014-01-22,80.32378271882915
2014-01-23,71.92378271882914
2014-01-24,56.68167745567125
2014-01-27,59.16533758639021
2014-01-28,62.619883040935655
2014-01-29,51.79281537176274
2014-01-30,49.85251686430005
2014-02-07,53.361288794124604
2014-02-10,41.83351101634683
2014-02-11,29.639962629250057
2014-02-12,30.62120361049104
2014-02-13,39.625722301439964
2014-02-14,43.054293730011395
2014-02-17,48.54018206345515
2014-02-18,54.46961878399568
2014-02-19,58.819952767240714
2014-02-20,48.483873514665625
2014-02-21,54.9103745498626
2014-02-24,58.013195893838635
2014-02-25,61.11601723781465
2014-02-26,72.92729941618578
2014-02-27,86.19915848527464
2014-02-28,89.67741935483954
2014-03-03,92.29902713773716
2014-03-04,95.1073762838467
2014-03-05,82.47579733647848
2014-03-06,66.22579733647828
2014-03-07,46.76633787701884
2014-03-10,41.738452849133964
2014-03-11,35.975451996619206
2014-03-12,45.79012953553689
2014-03-13,58.591853673468314
2014-03-14,78.05131313292775
2014-03-17,75.24851033012523
2014-03-18,72.99408198874063
2014-03-19,64.56098339719105
2014-03-20,57.723544973545394
2014-03-21,46.612433862434294
2014-03-24,45.218098350451434
2014-03-25,46.286143139426194
2014-03-26,39.47162701039433
2014-03-27,31.69282516707628
2014-03-28,37.259381822741844
2014-03-31,35.387724068730975
2014-04-01,33.351466972960765
2014-04-02,40.66971444527627
2014-04-03,49.44390799366351
2014-04-04,35.788462449108934
2014-04-08,33.79982608547267
2014-04-09,28.47174209597149
2014-04-10,20.699492234169583
2014-04-11,23.929208754208325
2014-04-14,40.18803228361999
2014-04-15,51.267577738165116
2014-04-16,56.29788076846781
2014-04-17,61.71295101112404
2014-04-18,52.180336732747456
2014-04-21,48.16499146420547
2014-04-22,46.488223787437974
2014-04-23,48.98173028094452
2014-04-24,43.548593190953085
2014-04-25,44.14181352993628
2014-04-28,48.99307211117291
2014-04-29,53.110031175501476
2014-04-30,60.824316889788086
2014-05-05,76.50375939850012
2014-05-06,82.27299016773233
2014-05-07,72.25704120441398
2014-05-08,62.2410922410956
2014-05-09,63.6696636696664
2014-05-12,59.383949383950906
2014-05-13,60.92241092241104
2014-05-14,73.04362304362323
2014-05-15,69.16483516483639
2014-05-16,55.83150183150234
2014-05-19,59.8974358974348
2014-05-20,64.73260073259807
2014-05-21,53.30402930402638
2014-05-22,55.18638224520167
2014-05-23,52.60826819167828
2014-05-26,44.01139484027375
2014-05-27,39.605539894229636
2014-05-28,51.03411132280134
2014-05-29,65.15175838162507
2014-05-30,77.79789964603353
2014-06-03,85.83533243799903
2014-06-04,87.76499690785411
2014-06-05,71.76499690785451
2014-06-06,55.764996907854915
2014-06-09,55.0303030303045
2014-06-10,41.52380952380995
2014-06-11,34.54945054945159
2014-06-12,38.241758241759534
2014-06-13,45.010989010989746
2014-06-16,42.15384615384626
2014-06-17,50.811854811856065
2014-06-18,61.638065638066415
2014-06-19,63.66004366004389
2014-06-20,72.89081289081328
2014-06-23,63.08128908128966
2014-06-24,51.566137566138195
2014-06-25,33.047619047619676
2014-06-26,30.000000000000206
2014-06-27,16.666666666667197
2014-06-30,16.666666666666597
2014-07-01,27.142857142856712
2014-07-02,31.758241758241148
2014-07-03,26.341575091575134
2014-07-04,26.947635697635413
2014-07-07,26.870116317790824
2014-07-08,23.420952868627516
2014-07-09,23.047992495667046
2014-07-10,21.797992495666918
2014-07-11,31.668122365796478
2014-07-14,45.07897507897447
2014-07-15,46.05194805194758
2014-07-16,53.80952380952365
2014-07-17,62.90043290043245
2014-07-18,53.757575757575424
2014-07-21,37.09090909090939
2014-07-22,41.090909090910095
2014-07-23,44.09090909091044
2014-07-24,51.00000000000189
2014-07-25,54.30434782608923
2014-07-28,54.30434782608894
2014-07-29,50.637681159421255
2014-07-30,38.3043478260872
2014-07-31,25.752623688155644
2014-08-01,16.383759733036356
2014-08-04,18.319243604004203
2014-08-05,11.235910270671262
2014-08-06,9.902576937338278
2014-08-07,11.069685690654236
2014-08-08,19.610392295877052
2014-08-11,20.174908424909525
2014-08-12,37.67490842490887
2014-08-13,56.341575091575365
2014-08-14,71.72619047619051
2014-08-15,81.24999999999984
2014-08-18,98.74999999999952
2014-08-19,83.52941176470559
2014-08-20,64.21906693711911
2014-08-21,49.21906693711934
2014-08-22,41.719066937119386
2014-08-25,35.403277463435224
2014-08-26,51.87386569872964
2014-08-27,71.18421052631611
2014-08-28,86.18421052631588
2014-08-29,83.01754385964891
2014-09-01,75.99999999999946
2014-09-02,59.999999999998956
2014-09-03,48.96551724137796
2014-09-04,35.05247376311673
2014-09-05,45.71914042978365
2014-09-09,59.05247376311727
2014-09-10,75.05247376311777
2014-09-11,86.08695652173876
2014-09-12,100.0
2014-09-15,100.0
2014-09-16,96.47814313346228
2014-09-17,92.93569129964531
2014-09-18,82.72135173119673
2014-09-19,71.78385173119673
2014-09-22,54.672740620085676
2014-09-23,45.370170005707415
2014-09-24,36.08819435860839
2014-09-25,32.19996982449291
2014-09-26,30.566041253064334
2014-09-29,40.0738465790515
2014-09-30,43.28587095919234
2014-10-08,48.2090638722071
2014-10-09,57.48071010037503
2014-10-10,64.78898077706675
2014-10-13,64.19556525071523
2014-10-14,68.32409738374841
2014-10-15,58.44755417387184
2014-10-16,45.500694270490214
2014-10-17,40.441271520065776
2014-10-20,37.387992831541204
2014-10-21,33.641094568513914
2014-10-22,49.600690528109865
2014-10-23,63.12314915695144
2014-10-24,68.68382504020794
2014-10-27,71.4231867423355
2014-10-28,66.10850142765035
2014-10-29,55.681785286648584
2014-10-30,42.222818721299014
2014-10-31,29.519934750809472
2014-11-03,18.875643471217114
2014-11-04,21.88263647820991
2014-11-05,15.556105865964776
2014-11-06,25.77039158025059
2014-11-07,35.23518031264488
2014-11-10,54.390109890109656
2014-11-11,65.92857142857125
2014-11-12,65.10606060606047
2014-11-13,58.060606060605835
2014-11-14,58.949494949494884
2014-11-17,53.94949494949494
2014-11-18,50.35398933151745
2014-11-19,62.95893789976892
2014-11-20,70.35463399111723
2014-11-21,66.00233046808187
2014-11-24,52.24370977842665
2014-11-25,45.40443278770846
2014-11-26,33.210372765938885
2014-11-27,21.06601357298627
2014-11-28,22.990966668671142
2014-12-01,33.34622601378848
2014-12-02,35.37764727794632
2014-12-03,37.242794195272936
2014-12-04,39.197010364499306
2014-12-05,30.22566798139219
2014-12-08,24.68617218307287
2014-12-09,19.265170921378406
2014-12-10,25.883074851509424
2014-12-11,30.976423206876376
2014-12-12,41.625924450912926
2014-12-15,46.120817792865125
2014-12-16,44.37354508795416
2014-12-17,43.480743835997984
2014-12-18,48.598584087176434
2014-12-19,49.33017389342141
2014-12-22,51.64942482303925
2014-12-23,59.03924195236435
2014-12-24,58.4808236921254
2014-12-25,46.25469785373515
2014-12-26,34.02857201534492
2014-12-29,24.448424127138342
2014-12-30,18.20101856466429
2014-12-31,19.35858728320863
2015-01-05,26.592213871673856
2015-01-06,34.992695734878176
2015-01-07,41.474283767099195
2015-01-08,41.14160274948664
2015-01-09,33.65939147417191
2015-01-12,32.734449749230194
2015-01-13,40.177356214023845
2015-01-14,47.59117328380417
2015-01-15,62.35307804570893
2015-01-16,78.63798988843008
2015-01-19,88.75081040125056
2015-01-20,88.26226078292989
2015-01-21,84.09158945629518
2015-01-22,77.10746247216812
2015-01-23,79.09841269841249
2015-01-26,82.03174603174585
2015-01-27,86.0317460317459
2015-01-28,85.12854907221097
2015-01-29,84.22535211267602
2015-01-30,77.47836416086878
2015-02-02,64.45510834691532
2015-02-03,47.88367977548669
2015-02-04,37.646003719148595
2015-02-05,26.35524547102986
2015-02-06,17.10223342283698
2015-02-09,22.925489236790337
2015-02-10,24.496917808218928
2015-02-11,22.621917808219003
2015-02-12,41.79999999999973
2015-02-13,57.79999999999984
2015-02-16,64.99999999999994
2015-02-17,73.39130434782612
2015-02-25,74.16478501080957
2015-02-26,58.346603192627754
2015-02-27,40.12670790466966
2015-03-02,23.94066139304179
2015-03-03,19.447316228889154
2015-03-04,38.00716889923902
2015-03-05,41.05048160747317
2015-03-06,42.32122435305839
2015-03-09,45.77999813741353
2015-03-10,56.882038953740036
2015-03-11,57.548705620406736
2015-03-12,59.591867413281236
2015-03-13,57.93636879286347
2015-03-16,52.88586374235848
2015-03-17,35.10808596458075
2015-03-18,16.060466916961758
2015-03-19,9.231198624278845
2015-03-20,16.58584978706953
2015-03-23,28.12986133108091
2015-03-24,41.29225449347393
2015-03-25,59.488809711305706
2015-03-26,77.04978532106175
2015-03-27,84.17607398085553
2015-03-30,78.48001565321849
2015-03-31,65.76206693526969
2015-04-01,50.85555500748096
2015-04-02,41.443790301598696
2015-04-03,42.582427014939285
2015-04-07,53.695925045730476
2015-04-08,63.38880894086177
2015-04-09,70.2815198335729
2015-04-10,69.98914252762088
2015-04-13,59.42049814622203
2015-04-14,41.47576272993162
2015-04-15,38.38450485106064
2015-04-16,42.30091610767804
2015-04-17,42.00505811951227
2015-04-20,43.51058435669241
2015-04-21,53.724637756586525
2015-04-22,55.90933652665119
2015-04-23,60.85779013489862
2015-04-24,70.85779013489866
2015-04-27,71.59285159285166
2015-04-28,65.21448700553178
2015-04-29,57.450815940889825
2015-04-30,38.989277479351365
2015-05-04,20.32261081268475
2015-05-05,11.871036243463143
2015-05-06,8.334870916253168
2015-05-07,5.72081934510801
2015-05-08,9.979459255921801
2015-05-11,11.38585194998567
2015-05-12,18.650557832338524
2015-05-13,28.82380800558858
2015-05-14,37.29399373383872
2015-05-15,32.89224112177275
2015-05-18,48.00965795151827
2015-05-19,59.27254454945643
2015-05-20,67.56083283774475
2015-05-21,78.01537829229024
2015-05-22,93.47042315586829
2015-05-25,91.57287625832149
2015-05-26,74.11433748647032
2015-05-27,58.61433748647031
2015-05-28,43.114337486470305
2015-05-29,29.362535334978695
2015-06-01,22.03930301174634
2015-06-02,23.280409731113973
2015-06-03,25.447076397780656
2015-06-04,28.663361844061058
2015-06-05,35.113837175736755
2015-06-08,46.47747353937315
2015-06-09,63.93201899391856
2015-06-10,64.95766001955954
2015-06-11,58.93628982751649
2015-06-12,56.1913466578852
2015-06-15,42.2783031796243
2015-06-16,27.76849925805568
2015-06-17,37.21904870860523
2015-06-18,48.8574667877013
2015-06-19,49.0533430763611
2015-06-23,52.77030812324948
2015-06-24,56.84532943612239
2015-06-25,45.85631844711132
2015-06-26,44.522985113777885
2015-06-29,47.99917558996831
2015-06-30,53.37597691290706
2015-07-01,60.73383644467975
2015-07-02,74.5799902908336
2015-07-03,70.95605866690201
2015-07-06,72.0848064623165
2015-07-07,67.58901507759956
2015-07-08,64.77849226707667
2015-07-09,57.71296520154961
2015-07-10,65.80377379709009
2015-07-13,70.22720431981139
2015-07-14,74.85608034434286
2015-07-15,71.28898077724331
2015-07-16,62.64022212848475
2015-07-17,49.17334515687585
2015-07-20,49.274008620614055
2015-07-21,50.53162966066179
2015-07-22,57.804356933389
2015-07-23,71.3368244658564
2015-07-24,85.98388328938583
2015-07-27,71.15919885740837
2015-07-28,62.30430571905074
2015-07-29,60.041679456424525
2015-07-30,54.81609023083534
2015-07-31,52.36903140730597
2015-08-03,64.0922065169988
2015-08-04,66.10540081365765
2015-08-05,60.279574987831836
2015-08-06,61.53313624139308
2015-08-07,50.414768894454326
2015-08-10,52.14134431933028
2015-08-11,60.55114947332144
2015-08-12,60.08067900285098
2015-08-13,56.87968644701975
2015-08-14,61.18515056815211
2015-08-17,50.7788782944528
2015-08-18,45.283021571651375
2015-08-19,47.92249648960722
2015-08-20,53.27733519928438
2015-08-21,62.0619555968078
2015-08-24,74.60301839874005
2015-08-25,79.81333598898341
2015-08-26,83.24255307744127
2015-08-27,77.96347466792835
2015-08-28,64.68362912389415
2015-08-31,48.71217142766602
2015-09-01,44.35817567650328
2015-09-02,34.562139304447385
2015-09-07,25.21108072765924
2015-09-08,30.753171364127375
2015-09-09,34.22598407390576
2015-09-10,29.91517326309478
2015-09-11,40.70978898172254
2015-09-14,58.69992596802384
2015-09-15,63.091467059577596
2015-09-16,70.26085618466162
2015-09-17,68.8050003288059
2015-09-18,52.70318881768461
2015-09-21,47.3730395639533
2015-09-22,43.54753620824858
2015-09-23,43.41647460929707
2015-09-24,47.11171270453498
2015-09-25,52.02985074626865
2015-09-28,42.24242424242429
2015-09-29,38.12477718360084
2015-09-30,29.95201970851779
2015-10-08,26.17776926760082
2015-10-09,30.16534690735235
2015-10-12,39.4229226649281
2015-10-13,43.54056972375162
2015-10-14,51.01646308733646
2015-10-15,43.87496261250277
2015-10-16,43.31595640132234
2015-10-19,31.63413821950424
2015-10-20,23.45232003768595
2015-10-21,23.308848014730355
2015-10-22,35.523300229182446
2015-10-23,41.72311348781951
2015-10-26,59.90493166963756
2015-10-27,78.08674985145578
2015-10-28,87.49851455733814
2015-10-29,83.342670401494
2015-10-30,69.62406015037607
2015-11-02,53.97188623733265
2015-11-03,38.12282963355911
2015-11-04,20.094660619474535
2015-11-05,14.795959320773274
2015-11-06,25.60773452148681
2015-11-09,38.40276557738733
2015-11-10,52.68319473018054
2015-11-11,68.28712132002279
2015-11-12,82.5143940472954
2015-11-13,87.2214158390629
2015-11-16,77.0665105034348
2015-11-17,69.92546053506037
2015-11-18,64.57991878664089
2015-11-19,63.46880767552982
2015-11-20,66.8973791041013
2015-11-23,79.90942729687231
2015-11-24,88.61910471622708
2015-11-25,92.00932684509326
2015-11-26,87.38708627761329
2015-11-27,79.58789281578586
2015-11-30,68.64798659132681
2015-12-01,55.53803246998035
2015-12-02,43.66319065692443
2015-12-03,41.182256621229875
2015-12-04,38.2671643687717
2015-12-07,30.54040392656404
2015-12-08,29.104903502455972
2015-12-09,36.100048100048255
2015-12-10,37.555074555074604
2015-12-11,39.010101010100904
2015-12-14,50.225787284610746
2015-12-15,50.37124183006524
2015-12-16,42.211146250614775
2015-12-17,40.30761481219982
2015-12-18,49.566874071459125
2015-12-21,57.017854463616004
2015-12-22,70.45625962339342
2015-12-23,87.10961726453209
2015-12-24,97.42420522106346
2015-12-25,79.31045661504132
2015-12-28,65.86199721472184
2015-12-29,59.867070315814
2015-12-30,46.395779377791825
2015-12-31,31.760111151192792
2016-01-04,37.873859757214994
2016-01-05,38.52231915753456
2016-01-06,32.67884089666511
2016-01-07,44.916129032258425
2016-01-08,57.93086419753117
2016-01-11,65.27970140683341
2016-01-12,75.30192362905555
2016-01-13,85.32414585127769
2016-01-14,83.06882670234147
2016-01-15,78.47913897539884
2016-01-18,78.13030176609652
2016-01-19,60.90807954387435
2016-01-20,43.68585732165213
2016-01-21,30.09502262443446
2016-01-22,20.409660107334613
2016-01-25,17.66772462346365
2016-01-26,24.590801546540572
2016-01-27,34.99080154654062
2016-01-28,48.83695539269449
2016-01-29,51.29542715349169
2016-02-01,48.323076923076805
2016-02-02,50.28888888888859
2016-02-03,54.39869281045715
2016-02-04,53.598692810457045
2016-02-05,62.30301174733419
2016-02-15,66.70150798793573
2016-02-16,60.5577171382626
2016-02-17,46.917478434085304
2016-02-18,32.517478434085334
2016-02-19,29.527445211494033
2016-02-22,35.84323468517833
2016-02-23,53.098136645962676
2016-02-24,57.942857142857044
2016-02-25,58.367346938775334
2016-02-26,53.795918367346665
2016-02-29,37.36734693877513
2016-03-01,21.691671263099355
2016-03-02,31.587141646374608
2016-03-03,47.57195417603769
2016-03-04,52.7148113188948
2016-03-07,63.72671608079958
2016-03-08,63.453024667867716
2016-03-09,48.458653185691404
2016-03-10,32.644699697319396
2016-03-11,20.972568549778565
2016-03-14,11.695357665424996
2016-03-15,9.462906572214294
2016-03-16,14.56180767111523
2016-03-17,29.44552860134771
2016-03-18,46.86413862212811
2016-03-21,58.84615176636878
2016-03-22,77.02796994818712
2016-03-23,81.46753038774773
2016-03-24,71.52992403494008
2016-03-25,73.78344516170066
2016-03-28,71.98826731495913
2016-03-29,68.13284562821205
2016-03-30,73.27311712142466
2016-03-31,67.39676998586017
2016-04-01,52.10265233880142
2016-04-05,48.484694592322604
2016-04-06,42.34011627906966
2016-04-07,31.172982758995012
2016-04-08,41.47709724915607
2016-04-11,38.79368680632715
2016-04-12,45.35005935534671
2016-04-13,54.485398133013426
2016-04-14,69.36489405776413
2016-04-15,78.5956632885334
2016-04-18,84.50969931492908
2016-04-19,78.55357429066206
2016-04-20,69.41823551299535
2016-04-21,63.74508879459391
2016-04-22,57.7133427628479
2016-04-25,69.77683482633988
2016-04-26,77.30158730158738
2016-04-27,87.30158730158735
2016-04-28,84.96825396825402
2016-04-29,78.14285714285724
2016-05-03,67.51785714285721
2016-05-04,57.66278467908904
2016-05-05,57.66278467908904
2016-05-06,61.98746000376427
2016-05-09,71.13326265472145
2016-05-10,76.54087135037362
2016-05-11,71.11504493773727
2016-05-12,51.11504493773729
2016-05-13,39.58783796749235
2016-05-16,33.621758818839325
2016-05-17,35.98200726604445
2016-05-18,40.35381523335812
2016-05-19,44.7982596778024
2016-05-20,50.25452266665556
2016-05-23,52.94165075935818
2016-05-24,55.79879361650094
2016-05-25,66.7078845255918
2016-05-26,76.29329082741609
2016-05-27,80.69035313492617
2016-05-30,73.88754094878617
2016-05-31,55.35095558293265
2016-06-01,40.68428891626589
2016-06-02,37.05443816999723
2016-06-03,25.729225914552558
2016-06-06,25.448255288754446
2016-06-07,28.47463657297525
2016-06-08,43.141303239642
2016-06-13,38.86375221923383
2016-06-14,45.20483749055161
2016-06-15,41.31972789115637
2016-06-16,37.78231292516997
2016-06-17,25.150733977801472
2016-06-20,26.973490477661784
2016-06-21,24.338569842741105
2016-06-22,29.695013790182998
2016-06-23,37.242632837802056
2016-06-24,37.78118852935659
2016-06-27,30.213341540470555
2016-06-28,25.84826217539114
2016-06-29,22.764727391614723
2016-06-30,22.143515270402723
2016-07-01,28.636538526216718
2016-07-04,44.88568605974708
2016-07-05,52.71396888802997
2016-07-06,48.96099106138521
2016-07-07,46.576708677102815
2016-07-08,39.107401746409735
2016-07-11,42.48089572231333
2016-07-12,38.77541991157434
2016-07-13,45.25692576914981
2016-07-14,50.2624202746443
2016-07-15,62.061885935496
2016-07-18,47.11239098600106
2016-07-19,44.45544742227253
2016-07-20,48.380935836629526
2016-07-21,43.08641528868427
2016-07-22,29.561736010580393
2016-07-25,25.251971700816124
2016-07-26,29.289252901088854
2016-07-27,28.018480662574696
2016-07-28,23.722092119610892
2016-07-29,28.516612667556103
2016-08-01,35.50920526014861
2016-08-02,41.21610626816102
2016-08-03,47.75821123978323
2016-08-04,63.02337577617493
2016-08-05,58.46170098136107
2016-08-08,51.13398545464945
2016-08-09,44.38727256017556
2016-08-10,31.898197891583738
2016-08-11,17.43822816038666
2016-08-12,17.11618202496799
2016-08-15,28.96862873447527
2016-08-16,33.94974041129316
2016-08-17,38.77116898272173
2016-08-18,38.6785048900578
2016-08-19,42.89555915362381
2016-08-22,50.63749463749484
2016-08-23,59.52638352638375
2016-08-24,69.77848436671987
2016-08-25,87.16920842411056
2016-08-26,96.60510586000795
2016-08-29,88.9860582409603
2016-08-30,81.3670106219127
2016-08-31,78.09903676570346
2016-09-01,65.75335775335768
2016-09-02,50.5135387488327
2016-09-05,44.79925303454693
2016-09-06,36.86274509803906
2016-09-07,41.307189542483556
2016-09-08,44.3179422306557
2016-09-09,48.93667861409807
2016-09-12,51.808473485893
2016-09-13,63.727665405084814
2016-09-14,60.15623683365622
2016-09-19,66.31215081215079
2016-09-20,71.24092574092565
2016-09-21,67.58481714364035
2016-09-22,55.98308554190862
2016-09-23,42.780320564950124
2016-09-26,32.661272945902496
2016-09-27,32.08434986897937
2016-09-28,44.03983476564099
2016-09-29,58.10145941550104
2016-09-30,73.47214419195825
2016-10-10,85.68889296043122
2016-10-11,80.43526977202553
2016-10-12,72.94225952039429
2016-10-13,60.00108304980595
2016-10-14,43.40459182173574
2016-10-17,33.27016750846859
2016-10-18,28.02379069687433
2016-10-19,25.107534539239314
2016-10-20,35.29075536855485
2016-10-21,53.290755368554926
2016-10-24,65.49414519906342
2016-10-25,73.83897278527033
2016-10-26,66.87551763576845
2016-10-27,62.80994386527652
2016-10-28,47.25438830972087
2016-10-31,33.13674125089729
2016-11-01,23.808862817232658
2016-11-02,42.55943281267284
2016-11-03,45.04219143336267
2016-11-04,42.68729922772438
2016-11-07,38.29748359998091
2016-11-08,41.06431823122249
2016-11-09,23.666813774894376
2016-11-10,17.538485533951484
2016-11-11,34.92387705621371
2016-11-14,42.25681906740736
2016-11-15,42.98644265197002
2016-11-16,48.23542000984283
2016-11-17,43.866535211161974
2016-11-18,24.76894994065976
2016-11-21,29.627681142349047
2016-11-22,45.11427377400256
2016-11-23,58.047114597947974
2016-11-24,74.06156901688196
2016-11-25,86.78765880217796
2016-11-28,84.21455938697318
2016-11-29,70.88122605363985
2016-11-30,66.06194894520613
2016-12-01,49.80178634358011
2016-12-02,37.28086233956272
2016-12-05,30.466047524747886
2016-12-06,27.859531234021055
2016-12-07,32.678808342454786
2016-12-08,42.68897094408079
2016-12-09,57.228397891748315
2016-12-12,68.22621924251087
2016-12-13,78.97126367176584
2016-12-14,71.64732000979402
2016-12-15,71.04017715265108
2016-12-16,68.85940240372707
2016-12-19,66.29255748394094
2016-12-20,65.00087619225958
2016-12-21,66.87027439968593
2016-12-22,60.870274399685954
2016-12-23,50.4822894184595
2016-12-26,53.852577666796584
2016-12-27,42.10377003563606
2016-12-28,29.618921550787604
2016-12-29,31.973271111841086
2016-12-30,43.92988354404802
2017-01-03,42.28776811299273
2017-01-04,50.38972889730648
2017-01-05,55.7671393656261
2017-01-06,51.6545480463309
2017-01-09,42.52935950937764
2017-01-10,30.93105682196609
2017-01-11,29.009595634751445
2017-01-12,29.516784585277822
2017-01-13,30.798835867329082
2017-01-16,33.680887149380354
2017-01-17,38.00323147172459
2017-01-18,31.486597420843975
2017-01-19,29.67472527472529
2017-01-20,33.62030350601783
2017-01-23,39.06150200789053
2017-01-24,38.717457866377956
2017-01-25,43.23483238375237
2017-01-26,42.4179547466217
2017-02-03,49.7367443314212
2017-02-06,54.18272531672803
2017-02-07,61.24558736349918
2017-02-08,69.58535570326764
2017-02-09,76.42576275216297
2017-02-10,71.47718440975511
2017-02-13,70.0713057355837
2017-02-14,75.82212345785555
2017-02-15,70.32621808933877
2017-02-16,62.85506962995508
2017-02-17,52.00594682293765
2017-02-20,42.921530745131975
2017-02-21,29.46709820360108
2017-02-22,21.927289286403564
2017-02-23,19.346838158583914
2017-02-24,20.21350482525049
2017-02-27,14.197012246910802
2017-02-28,8.002321981424164
2017-03-01,6.993285836845827
2017-03-02,19.05468934561775
2017-03-03,19.82280528764682
2017-03-06,25.448473736844665
2017-03-07,32.42521792289116
2017-03-08,38.70110800005383
2017-03-09,36.48075005821944
2017-03-10,44.01698194227737
2017-03-13,48.116803689158004
2017-03-14,52.51260852271939
2017-03-15,62.13610546732813
2017-03-16,55.86143853354086
2017-03-17,50.01163616199946
2017-03-20,39.65603629493389
2017-03-21,29.300436427868316
2017-03-22,19.227501281012348
2017-03-23,25.555859489967382
2017-03-24,30.750664684772453
2017-03-27,49.73371553223011
2017-03-28,67.88343304635444
2017-03-29,71.9698634698635
2017-03-30,62.55050863115382
2017-03-31,53.113279193924356
2017-04-05,53.113279193924356
2017-04-06,53.9466125272577
2017-04-07,59.92179863147605
2017-04-10,70.45590756854637
2017-04-11,69.54835488434396
2017-04-12,63.533317290359
2017-04-13,57.563168036627665
2017-04-14,61.43413577856315
2017-04-17,68.31938168020251
2017-04-18,88.01481315228371
2017-04-19,94.02985074626866
2017-04-20,96.14457831325294
2017-04-21,87.25568942436385
2017-04-24,80.72507717946571
2017-04-25,66.3500771794655
2017-04-26,46.83188544753298
2017-04-27,30.94531000097873
2017-04-28,27.488814963964206
2017-05-02,27.18792143949388
2017-05-03,32.690167087823376
2017-05-04,37.25508779171855
2017-05-05,47.836779581508374
2017-05-08,60.182163507411985
2017-05-09,67.01366927678046
2017-05-10,73.99963117562095
2017-05-11,77.28623553699144
2017-05-12,68.94654088050285
2017-05-15,52.94654088050282
2017-05-16,41.14326219197822
2017-05-17,31.22677595628381
2017-05-18,24.10556383507184
2017-05-19,33.84436980522115
2017-05-22,41.71936980522119
2017-05-23,36.65517861422775
2017-05-24,35.95845730275236
2017-05-25,35.29679480622749
2017-05-26,30.826583877400555
2017-05-31,32.63579440371633
2017-06-01,41.67717732671261
2017-06-02,45.53717732671263
2017-06-05,63.88580117992368
2017-06-06,70.20811522951047
2017-06-07,57.952476131765955
2017-06-08,53.397610707335254
2017-06-09,47.98355665328109
2017-06-12,36.963261963261424
2017-06-13,37.35511149304208
2017-06-14,52.789285162510076
2017-06-15,56.17023754346237
2017-06-16,62.39820464099468
2017-06-19,66.85984229412176
2017-06-20,63.681431499518794
2017-06-21,58.48535306814601
2017-06-22,63.23003391920999
2017-06-23,66.17807209524402
2017-06-26,62.40907513475781
2017-06-27,61.104727308671
2017-06-28,61.69612515813344
2017-06-29,64.17366652929189
2017-06-30,67.31258487499716
2017-07-03,78.7411563035686
2017-07-04,75.96337852579084
2017-07-05,67.564963132469
2017-07-06,52.932484499990345
2017-07-07,38.24304350620157
2017-07-10,21.319966583124565
2017-07-11,29.5816153286443
2017-07-12,41.88634976748104
2017-07-13,52.58232046345171
2017-07-14,63.89461282225557
2017-07-17,79.279228206871
2017-07-18,81.6035764172112
2017-07-19,83.08625167909672
2017-07-20,87.13387072671586
2017-07-21,76.95603214942449
2017-07-24,64.02640858150306
2017-07-25,51.93247511770653
2017-07-26,40.331927922084105
2017-07-27,28.665261255417306
2017-07-28,29.983475288018305
2017-07-31,32.82365341765713
2017-08-01,27.517530968677544
2017-08-02,31.624865494616756
2017-08-03,37.756320893677845
2017-08-04,38.06447455592768
2017-08-07,42.70441027247969
2017-08-08,58.263439214223354
2017-08-09,48.5362552999389
2017-08-10,41.89197938805741
2017-08-11,41.59147537201145
2017-08-14,31.49206799142694
2017-08-15,16.409831536589603
2017-08-16,24.07840739226595
2017-08-17,21.061816140380518
2017-08-18,35.03007010863448
2017-08-21,52.11744874941114
2017-08-22,61.95713067835818
2017-08-23,66.82892555015312
2017-08-24,72.65718788957166
2017-08-25,63.890064601900406
2017-08-28,53.89006460190037
2017-08-29,53.165426920740934
2017-08-30,44.96029871561269
2017-08-31,42.83022451220812
2017-09-01,46.35144616053511
2017-09-04,49.62578244372096
2017-09-05,52.101029968473426
2017-09-06,59.81437273132116
2017-09-07,65.27250767499783
2017-09-08,66.45590931434211
2017-09-11,72.19391871016869
2017-09-12,75.0127888324752
2017-09-13,76.58009449921227
2017-09-14,74.87475181167869
2017-09-15,65.96427883870585
2017-09-18,48.77011497787523
2017-09-19,38.9305427853617
2017-09-20,31.173703879586412
2017-09-21,29.960468585468526
2017-09-22,29.600108225107977
2017-09-25,36.71809661969201
2017-09-26,34.37466227625766
2017-09-27,30.21660756501148
2017-09-28,28.53391525731912
2017-09-29,29.559556282960074
2017-10-09,37.25496501756267
2017-10-10,53.244977501957194
2017-10-11,65.57276347204356
2017-10-12,67.61018550946558
2017-10-13,68.1230060222862
2017-10-16,61.491427074917645
2017-10-17,50.29728022359805
2017-10-18,39.06764113065639
2017-10-19,35.283857346872985
2017-10-20,37.0787291417448
2017-10-23,31.78461149468606
2017-10-24,27.103441202112936
2017-10-25,32.627634750500256
2017-10-26,44.23270921271741
2017-10-27,52.08985206986021
2017-10-30,62.38396971691907
2017-10-31,74.15816326530614
2017-11-01,65.77179962894232
2017-11-02,48.220779220779036
2017-11-03,31.132867132867027
2017-11-06,16.673407673407517
2017-11-07,6.473407673407609
2017-11-08,24.859771309771567
2017-11-09,44.859771309771496
2017-11-10,64.09054054054072
2017-11-13,83.55000000000027
2017-11-14,98.7500000000002
2017-11-15,88.31460674157304
2017-11-16,79.81460674157306
2017-11-17,71.5219238147438
2017-11-20,58.06737836019835
2017-11-21,42.6051934862488
2017-11-22,48.52349510439164
2017-11-23,52.06414850198551
2017-11-24,56.16123657714695
2017-11-27,53.90691619410852
2017-11-28,49.74596073708986
2017-11-29,39.82677786757016
2017-11-30,34.62739431124611
2017-12-01,22.719093059017887
2017-12-04,26.83375599805102
2017-12-05,34.86269343046853
2017-12-06,38.78426205791942
2017-12-07,34.78370018125138
2017-12-08,42.626726719930005
2017-12-11,49.589350671112435
2017-12-12,56.78355356966322
2017-12-13,64.54825945201614
2017-12-14,64.16209694195986
2017-12-15,58.30531944835376
2017-12-18,48.74335000862535
2017-12-19,49.50698637226175
2017-12-20,52.17365303892848
2017-12-21,49.014189551596004
2017-12-22,45.13183661041943
2017-12-25,51.49929804099438
2017-12-26,43.59720013889623
2017-12-27,32.8550617741163
2017-12-28,43.89331314023661
2017-12-29,55.22664647357002
2018-01-02,63.052733430091806
2018-01-03,74.59119496855347
2018-01-04,80.57971014492746
2018-01-05,81.28893000308338
2018-01-08,81.9981498612393
2018-01-09,72.6648165279058
2018-01-10,66.57786000616659
2018-01-11,72.6648165279058
2018-01-12,77.24295299158902
2018-01-15,81.71891831861835
2018-01-16,89.27447387417413
2018-01-17,83.7824830274923
2018-01-18,71.21105445606378
2018-01-19,53.01589671578498
2018-01-22,41.164044863933235
2018-01-23,28.084679784568
2018-01-24,30.996960486322457
2018-01-25,38.36838905775102
2018-01-26,57.942857142857335
2018-01-29,71.27619047619051
2018-01-30,79.3408805031448
2018-01-31,76.42859980139033
2018-02-01,63.02394863859964
2018-02-02,45.665458072561876
2018-02-05,35.1736547938734
2018-02-06,31.299440957395483
2018-02-07,31.4498168972452
2018-02-08,44.340182345750165
2018-02-09,61.69867291178794
2018-02-12,72.1904761904764
2018-02-13,82.85714285714297
2018-02-14,93.26007326007323
2018-02-22,92.82051282051279
2018-02-23,75.67765567765564
2018-02-26,61.76461219939479
2018-02-27,52.79909495801536
2018-02-28,53.824735983656446
2018-03-01,53.7285821375027
2018-03-02,58.42699483591556
2018-03-05,52.985199604499016
2018-03-06,43.92254783179393
2018-03-07,31.29096888442553
2018-03-08,24.207635551092118
2018-03-09,21.813370318117045
2018-03-12,25.378735343583802
2018-03-13,31.16200639848455
2018-03-14,35.2829470479805
2018-03-15,35.88900765404096
2018-03-16,31.15324924635386
2018-03-19,32.1040132531451
2018-03-20,42.08476026893259
2018-03-21,50.595398566805045
2018-03-22,63.322671294077864
2018-03-23,75.02828692016803
2018-03-26,83.46699659758745
2018-03-27,78.23114754098381
2018-03-28,66.37929568913196
2018-03-29,53.04596235579866
2018-03-30,56.32465088038869
2018-04-02,52.35428051001806
2018-04-03,44.16800600021419
2018-04-04,40.92551822942456
2018-04-09,43.14774045164684
2018-04-10,36.62679327496204
2018-04-11,30.108274756443723
2018-04-12,28.824852296550528
2018-04-13,25.94817742643832
2018-04-16,25.716004955459844
2018-04-17,20.65690330061363
2018-04-18,19.45055409426461
2018-04-19,21.220251063961676
2018-04-20,25.44126555671537
2018-04-23,20.93549253503114
2018-04-24,21.391419586702607
2018-04-25,26.759384954667887
2018-04-26,32.99386771328851
2018-04-27,42.41954338896437
2018-05-02,38.5502901335832
2018-05-03,34.85281114198672
2018-05-04,38.83418639780371
2018-05-07,40.182036449103684
2018-05-08,37.48308596738458
2018-05-09,45.943296474487944
2018-05-10,55.08412521977941
2018-05-11,52.011840873053494
2018-05-14,46.94658123386482
2018-05-15,36.82699889705118
2018-05-16,42.37081253481703
2018-05-17,46.1901355921821
2018-05-18,56.796196198242434
2018-05-21,68.65153682061384
2018-05-22,85.51467368375047
2018-05-23,82.6575308266076
2018-05-24,79.62937494370618
2018-05-25,63.93427966098204
2018-05-28,62.9227854081084
2018-05-29,61.36342522805845
2018-05-30,64.6716959047501
2018-05-31,63.90756225185286
2018-06-01,72.09683002874957
2018-06-04,59.50968098032297
2018-06-05,47.81029990163157
2018-06-06,50.76576548867612
2018-06-07,58.90440476980575
2018-06-08,59.31066517606612
2018-06-11,60.63344640840095
2018-06-12,62.82862436477306
2018-06-13,45.67685721300595
2018-06-14,34.87889456444917
2018-06-15,33.90486859042322
2018-06-19,40.07498353295192
2018-06-20,51.41826711504142
2018-06-21,70.87772657450088
2018-06-22,83.78095238095247
2018-06-25,93.06666666666672
2018-06-26,100.0
2018-06-27,82.30769230769229
2018-06-28,69.52991452991449
2018-06-29,69.52991452991449
2018-07-02,69.52991452991449
2018-07-03,69.52991452991449
2018-07-04,87.2222222222222
2018-07-05,92.3809523809521
2018-07-06,82.96918767506936
2018-07-09,76.93145182601253
2018-07-10,71.85208674664729
2018-07-11,66.69079642406648
2018-07-12,61.166986900257236
2018-07-13,56.42490545229382
2018-07-16,49.41916304048105
2018-07-17,50.86216448348267
2018-07-18,56.02345480606348
2018-07-19,61.166311948920736
2018-07-20,60.14774430966347
2018-07-23,54.7296841089947
2018-07-24,51.44297082228136
2018-07-25,45.54133147801904
2018-07-26,53.541331478018925
2018-07-27,57.98203795404906
2018-07-30,69.87641223648288
2018-07-31,67.6328224928931
2018-08-01,58.39932670202029
2018-08-02,45.5257634836295
2018-08-03,39.266320358224924
2018-08-06,28.421719831447103
2018-08-07,24.067259737550465
2018-08-08,34.559537729828435
2018-08-09,41.57103198270196
2018-08-10,49.95458748847092
2018-08-13,60.283018861019926
2018-08-14,57.99019213321121
2018-08-15,47.633049276068384
2018-08-16,45.7173404638079
2018-08-17,46.547157622739036
2018-08-20,46.42328374886515
2018-08-21,56.25592882602225
2018-08-22,63.42087727963049
2018-08-23,58.34151220026537
2018-08-24,48.97643283518587
2018-08-27,40.18364004239303
2018-08-28,30.164948453607916
2018-08-29,24.229508196720808
2018-08-30,27.541196508409076
2018-08-31,44.68405365126634
2018-09-03,60.68405365126644
2018-09-04,76.68405365126655
2018-09-05,85.71770334928216
2018-09-06,89.72469635627513
2018-09-07,85.89490912223249
2018-09-10,83.78964596433771
2018-09-11,81.67199890551413
2018-09-12,85.20402173366895
2018-09-13,89.40914993879726
2018-09-14,91.1112775983718
2018-09-17,74.98124663861952
2018-09-18,61.94737854592798
2018-09-19,44.92434972177058
2018-09-20,34.054293224595504
2018-09-21,23.978562968555185
2018-09-25,38.253461046598275
2018-09-26,47.108679901817
2018-09-27,51.8819825485373
2018-09-28,44.35934498178565
2018-10-08,42.98475316091779
2018-10-09,32.29168385398699
2018-10-10,29.06417062647385
2018-10-11,27.134100696404015
2018-10-12,31.173853583860186
2018-10-15,29.488677340499578
2018-10-16,42.49830707059583
2018-10-17,50.37828097796687
2018-10-18,63.76289636258205
2018-10-19,77.51368700141803
2018-10-22,83.36508019027234
2018-10-23,74.51711252802212
2018-10-24,69.94735591145073
2018-10-25,66.0214299855248
2018-10-26,62.085354223465
2018-10-29,71.49711892934758
2018-10-30,81.9889222080363
2018-10-31,88.20251444104619
2018-11-01,94.1284403669723
2018-11-02,100.0
2018-11-05,100.0
2018-11-06,96.70103092783502
2018-11-07,84.70103092783509
2018-11-08,67.65755266696554
2018-11-09,65.37183838125124
2018-11-12,47.28964660042935
2018-11-13,33.77702146969584
2018-11-14,36.73179533904247
2018-11-15,53.77527359991201
2018-11-16,53.621963495382374
2018-11-19,68.5545489769916
2018-11-20,82.54924177143934
2018-11-21,88.7972651048898
2018-11-22,86.00006230768695
2018-11-23,88.43908669793089
2018-11-26,91.58869299714355
2018-11-27,93.28327154407684
2018-11-28,85.56595725654732
2018-11-29,76.98868976554863
2018-11-30,57.373305150164
2018-12-03,52.61140038825927
2018-12-04,48.77504556382634
2018-12-05,44.20759543544395
2018-12-06,36.75853631188078
2018-12-07,40.59160800209534
2018-12-10,36.84287446612771
2018-12-11,36.39614674667267
2018-12-12,44.640507122180566
2018-12-13,52.29286536277414
2018-12-14,49.22902444179045
2018-12-17,45.52913642387343
2018-12-18,40.721775871831696
2018-12-19,30.05938270943877
2018-12-20,27.112906821786503
2018-12-21,33.03598374486333
2018-12-24,32.519237333380076
2018-12-25,38.11661867544255
2018-12-26,49.431051665132976
2018-12-27,47.00548884741315
2018-12-28,45.778905906544516
2019-01-02,44.99968512732364
2019-01-03,32.98585625956228
2019-01-04,29.498220655492595
2019-01-07,36.53648003698629
2019-01-08,41.18118940588231
2019-01-09,52.81852403387114
2019-01-10,69.44773751701717
2019-01-11,77.52094013139609
2019-01-14,75.02589062644553
2019-01-15,72.53084112149499
2019-01-16,61.634042553191094
2019-01-17,48.590564292321496
2019-01-18,39.773897625654996
2019-01-21,48.53065438241184
2019-01-22,57.28741113916868
2019-01-23,64.59882313143181
2019-01-24,71.07087282087284
2019-01-25,78.4106164106164
2019-01-28,76.01283401283403
2019-01-29,68.0560772560773
2019-01-30,64.14892058296317
2019-01-31,62.52757807005438
2019-02-01,55.60450114697742
2019-02-11,52.527578070054304
2019-02-12,63.72757807005428
2019-02-13,58.71428019771395
2019-02-14,49.28467365967372
2019-02-15,41.987376362376395
2019-02-18,36.4997176036896
2019-02-19,25.24971760368955
2019-02-20,26.99313865632111
2019-02-21,39.160970824153274
2019-02-22,49.791601454784015
2019-02-25,49.5291238250367
2019-02-26,41.881486029761064
2019-02-27,37.0980989907349
2019-02-28,27.65068366096661
2019-03-01,21.45302871959303
2019-03-04,27.293662845583697
2019-03-05,41.74685619641501
2019-03-06,53.498105368650315
2019-03-07,55.68483436488466
2019-03-08,65.65758970786447
2019-03-11,71.46151127649182
2019-03-12,58.560822977573324
2019-03-13,44.384539791732564
2019-03-14,43.76643824647851
2019-03-15,38.45287630641069
2019-03-18,35.12255956432928
2019-03-19,41.48730015082928
2019-03-20,42.5037707390645
2019-03-21,40.837104072397935
2019-03-22,33.39005836448269
2019-03-25,37.23621221063645
2019-03-26,48.216604367499315
2019-03-27,50.64669115631338
2019-03-28,46.27169115631348
2019-03-29,46.25376197657339
2019-04-01,40.061454284265835
2019-04-02,33.76515798796951
2019-04-03,43.28991374223332
2019-04-04,55.353085785243934
2019-04-08,71.02318887802747
2019-04-09,66.61996307157602
2019-04-10,53.50449466199005
2019-04-11,44.244149272612404
2019-04-12,37.27026294388742
2019-04-15,33.27026294388757
2019-04-16,38.17348875033943
2019-04-17,44.68202764977041
2019-04-18,57.40680458868606
2019-04-19,58.61559579747742
2019-04-22,51.66822737642467
2019-04-23,49.05598247846514
2019-04-24,50.89537849768245
2019-04-25,54.29963381683134
2019-04-26,67.37655689375424
2019-04-29,62.32392531480688
2019-04-30,54.754352030947906
2019-05-06,51.40013517122695
2019-05-07,41.70880892612334
2019-05-08,33.71265039179018
2019-05-09,41.129071719889524
2019-05-10,46.72867426662712
2019-05-13,42.38128881481664
2019-05-14,40.68575374605171
2019-05-15,35.23363641831595
2019-05-16,24.85169784883727
2019-05-17,19.97359602360034
2019-05-20,21.101232846775243
2019-05-21,31.63703033085672
2019-05-22,33.39299850061805
2019-05-23,43.63124301472463
2019-05-24,61.091560475042094
2019-05-27,78.7293557506326
2019-05-28,79.5804195804197
2019-05-29,91.2727272727273
2019-05-30,92.53333333333336
2019-05-31,78.17435897435902
2019-06-03,68.68283355063025
2019-06-04,59.19130812690148
2019-06-05,49.69978270317271
2019-06-06,57.166449369839334
2019-06-10,68.52542372881366
2019-06-11,59.90374160537264
2019-06-12,50.06193369576805
2019-06-13,45.300585556278435
2019-06-14,26.67989590110604
2019-06-17,10.75132447253467
2019-06-18,23.37433594127312
2019-06-19,32.28750120737962
2019-06-20,30.154832601923278
2019-06-21,35.57163876195
2019-06-24,43.55681396410633
2019-06-25,46.637371488320795
2019-06-26,54.15898883090995
2019-06-27,67.80480497218738
2019-06-28,75.29440275304731
2019-07-01,83.57113231279564
2019-07-02,85.01302893152865
2019-07-03,80.15964167167019
2019-07-04,73.55357330654408
2019-07-05,70.80632055929134
2019-07-08,61.41819270541011
2019-07-09,50.33114012034609
2019-07-10,46.81547247103948
2019-07-11,48.3942765723008
2019-07-12,47.03763321565752
2019-07-15,39.557544015275084
2019-07-16,35.31604223952682
2019-07-17,31.199032488714256
2019-07-18,25.492338569449945
2019-07-19,21.088298165409412
2019-07-22,24.853951117108966
2019-07-23,23.928025191183046
2019-07-24,21.284471561713907
2019-07-25,27.699332242828586
2019-07-26,35.521554465051096
2019-07-29,38.98309292659012
2019-07-30,36.205315148812645
2019-07-31,43.75729368670687
2019-08-01,31.833066368660788
2019-08-02,29.87485741343668
2019-08-05,37.029175487999666
2019-08-06,51.53897940956789
2019-08-07,60.00078139654954
2019-08-08,77.24470180922478
2019-08-09,80.26957743111555
2019-08-12,66.33204257333513
2019-08-13,53.15557198509972
2019-08-14,38.85928086265776
2019-08-15,24.756827139024463
2019-08-16,13.423493805690962
2019-08-19,15.123098548774148
2019-08-20,16.207347633023293
2019-08-21,13.742517040592265
2019-08-22,19.318614473344486
2019-08-23,25.719794414347472
2019-08-26,26.10322474642546
2019-08-27,27.2317416196232
2019-08-28,39.238021054474004
2019-08-29,47.256316768901776
2019-08-30,55.27461248332952
2019-09-02,60.85391507050632
2019-09-03,68.68036479933411
2019-09-04,70.08374191002841
2019-09-05,55.930932921264265
2019-09-06,41.77812393250014
2019-09-09,35.848204795033745
2019-09-10,30.495073251154004
2019-09-11,25.63870468746827
2019-09-12,31.483149131912626
2019-09-16,34.46542761292541
2019-09-17,40.78943542034235
2019-09-18,38.689615934563925
2019-09-19,33.70350482345285
2019-09-20,34.80851092845906
2019-09-23,30.309565780779497
2019-09-24,24.587291782643454
2019-09-25,24.981419282889853
2019-09-26,34.38330100332
2019-09-27,28.27829489831418
2019-09-30,29.6949615649809
2019-10-08,33.69809513333175
2019-10-09,30.495480754246604
2019-10-10,30.518799837029157
2019-10-11,40.55711401327401
2019-10-14,50.48177154752052
2019-10-15,58.949680450212
2019-10-16,77.838569339101
2019-10-17,83.6217018692216
2019-10-18,89.13894324853204
2019-10-21,85.47038327526127
2019-10-22,70.22121384004559
2019-10-23,52.32647699794025
2019-10-24,39.96284063430379
2019-10-25,37.962840634303774
2019-10-28,43.996216757538605
2019-10-29,47.717146990096595
2019-10-30,49.7979303438299
2019-10-31,62.16156670746635
2019-11-01,54.53193707783678
2019-11-04,50.21787322969188
2019-11-05,51.977772664009876
2019-11-06,52.55363091428667
2019-11-07,42.357552482914386
2019-11-08,38.30297158622853
2019-11-11,33.66966701332076
2019-11-12,36.612609956263654
2019-11-13,40.16531193593189
2019-11-14,44.07567608158974
2019-11-15,52.52179136980983
2019-11-18,58.910455337421084
2019-11-19,61.394115468139944
2019-11-20,53.332673283529004
2019-11-21,40.79485815747869
2019-11-22,35.5279028905235
2019-11-25,42.29713365975441
2019-11-26,50.924584640146726
2019-11-27,70.6714200831847
2019-11-28,84.54889856702528
2019-11-29,90.71632605920671
2019-12-02,85.8521494887482
2019-12-03,80.98797291828967
2019-12-04,65.72239914779786
2019-12-05,58.9443121446876
2019-12-06,57.567649443270966
2019-12-09,46.642352329518964
2019-12-10,40.597437990886576
2019-12-11,50.271613911916006
2019-12-12,54.22876155168817
2019-12-13,56.93229457780185
2019-12-16,68.93798447822851
2019-12-17,72.84707538731931
2019-12-18,70.27520793065906
2019-12-19,70.38262375383619
2019-12-20,67.18647989028416
2019-12-23,52.433678308214404
2019-12-24,40.897092942360906
2019-12-25,33.060358248483695
2019-12-26,28.219932716568827
2019-12-27,27.154101995565593
2019-12-30,45.690687361419194
2019-12-31,60.176639815880414
2020-01-02,71.66959756235914
2020-01-03,80.69133669279391
2020-01-06,85.36243794926114
2020-01-07,82.67336231900903
2020-01-08,86.72399523040143
2020-01-09,83.27083847894737
2020-01-10,77.86021045962363
2020-01-13,68.60998462403184
2020-01-14,57.6879491431727
2020-01-15,50.146965536615426
2020-01-16,46.887652346468755
2020-01-17,45.67553113434767
2020-01-20,56.474751407252185
2020-01-21,68.94300537550623
2020-01-22,72.73398898206338
2020-01-23,82.26336033211471
2020-02-03,92.12340657770305
2020-02-04,91.89944241196967
2020-02-05,91.74500225752963
2020-02-06,87.49500225752978
2020-02-07,78.50332492078215
2020-02-10,68.11928877620389
2020-02-11,69.39588452088466
2020-02-12,70.6931818181819
2020-02-13,78.6931818181819
2020-02-14,73.04846938775515
2020-02-17,67.34693877551022
2020-02-18,58.116169544741105
2020-02-19,45.994957423528966
2020-02-20,36.238859862553326
2020-02-21,52.56539047479821
2020-02-24,57.397668213479825
2020-02-25,53.53752835333988
2020-02-26,51.492073807885355
2020-02-27,57.069066891249044
2020-02-28,54.15240022458236
2020-03-02,55.3553909622233
2020-03-03,54.03188563871795
2020-03-04,51.87202169313972
2020-03-05,39.239531967853125
2020-03-06,29.04695493704083
2020-03-09,29.517857791526033
2020-03-10,43.932272205940436
2020-03-11,60.1330166546633
2020-03-12,76.83065074360175
2020-03-13,89.84233346547099
2020-03-16,99.53885373762016
2020-03-17,99.33683353559995
2020-03-18,99.46261969912197
2020-03-19,99.57657981308209
2020-03-20,92.7296963442474
2020-03-23,87.53438641736508
2020-03-24,74.74939363237232
2020-03-25,55.310141295923714
2020-03-26,35.702298158668825
2020-03-27,26.441614397985063
2020-03-30,15.129184386786843
2020-03-31,13.060017598518886
2020-04-01,22.297927653088276
2020-04-02,29.18900778456284
2020-04-03,36.63009104587086
2020-04-07,53.26166999323931
2020-04-08,67.22195935756136
2020-04-09,76.41701233126447
2020-04-10,73.52401923948375
2020-04-13,68.7669374227405
2020-04-14,50.800835727825316
2020-04-15,34.11894836100642
2020-04-16,17.34745989140473
2020-04-17,24.02517715401434
2020-04-20,19.768526136799903
2020-04-21,27.41204718655378
2020-04-22,42.218396392903
2020-04-23,47.92720865343942
2020-04-24,41.510410279088546
2020-04-27,41.66106941279865
2020-04-28,35.62001369432363
2020-04-29,32.950416624726586
2020-04-30,36.945987646555146
2020-05-06,45.871467191623914
2020-05-07,52.637658683373864
2020-05-08,63.75144005606235
2020-05-11,62.770289788611876
2020-05-12,56.14180884170345
2020-05-13,52.60627854342658
2020-05-14,50.099611120441004
2020-05-15,46.52593669962414
2020-05-18,45.648112608100206
2020-05-19,40.84998805042143
2020-05-20,43.95173315578902
2020-05-21,51.46566919450704
2020-05-22,43.35226166933482
2020-05-25,39.37685183326927
2020-05-26,47.21018516660261
2020-05-27,40.067328023745446
2020-05-28,26.737313090943076
2020-05-29,37.959964313594355
2020-06-01,44.16064887493468
2020-06-02,49.066752161319684
2020-06-03,55.274544369111894
2020-06-04,67.08979678586807
2020-06-05,62.622264318335546
2020-06-08,55.723076549582515
2020-06-09,43.17329510227803
2020-06-10,36.482744273796214
2020-06-11,31.49822414995726
2020-06-12,33.829575042055886
2020-06-15,41.83682141886743
2020-06-16,46.37239147167881
2020-06-17,41.907781671315796
2020-06-18,37.4865292993992
2020-06-19,45.33699658911877
2020-06-22,49.5036632557855
2020-06-23,60.849866601988786
2020-06-24,62.15017619951196
2020-06-29,63.72436974789914
2020-06-30,49.63346065699001
2020-07-01,39.213292589763086
2020-07-02,32.90273358355194
2020-07-03,45.809051666340636
2020-07-06,61.00905166634057
2020-07-07,75.09996075724969
2020-07-08,81.5201288244767
2020-07-09,87.12132822477665
2020-07-10,72.45030425963498
2020-07-13,57.90484971418037
2020-07-14,45.302109988153035
2020-07-15,32.76877665481962
2020-07-16,22.789060630478748
2020-07-17,31.46911801928794
2020-07-20,38.42836566819079
2020-07-21,33.73380809692093
2020-07-22,36.044919208032056
2020-07-23,33.83603565461077
2020-07-24,25.67010517640844
2020-07-27,17.619948436596633
2020-07-28,17.30256683481132
2020-07-29,14.113024351151102
2020-07-30,10.692719520357937
2020-07-31,13.800883631422948
2020-08-03,12.728386508292795
2020-08-04,25.995239320418772
2020-08-05,30.073670692967898
2020-08-06,39.45013576563556
2020-08-07,36.23960944984609
2020-08-10,40.74508037883138
2020-08-11,37.18081855370004
2020-08-12,50.514151887033336
2020-08-13,60.88452225740368
2020-08-14,79.8845222574037
2020-08-17,87.53095006259561
2020-08-18,87.7834635065983
2020-08-19,71.78346350659834
2020-08-20,58.45013017326496
2020-08-21,41.05882582543903
2020-08-24,26.305443023169392
2020-08-25,15.50347902971605
2020-08-26,12.399001417775645
2020-08-27,17.58418660296087
2020-08-28,18.133385687628838
2020-08-31,26.77706384854836
2020-09-01,41.39244846393304
2020-09-02,55.618877295385595
2020-09-03,50.433692110200425
2020-09-04,57.47187580473094
2020-09-07,63.43266011845641
2020-09-08,67.27881396461025
2020-09-09,72.15686274509805
2020-09-10,85.49019607843138
2020-09-11,95.29411764705885
2020-09-14,100.0
2020-09-15,100.0
2020-09-16,100.0
2020-09-17,89.59999999999995
2020-09-18,76.26666666666657
2020-09-21,56.26666666666665
2020-09-22,47.28707482993198
2020-09-23,37.05451669039712
2020-09-24,42.523009841082136
2020-09-25,51.570628888701286
2020-09-28,71.57062888870118
2020-09-29,60.550220725435864
2020-09-30,50.78277886497072
2020-10-09,47.25274725274734
2020-10-12,45.00784929356359
2020-10-13,31.893095195202903
2020-10-14,36.29987485621989
2020-10-15,44.941850164861926
2020-10-16,37.40338862640033
2020-10-19,30.934000871298366
2020-10-20,35.932812940673585
2020-10-21,45.81174756537085
2020-10-22,40.32766699357085
2020-10-23,36.32766699357085
2020-10-26,36.47052413642787
2020-10-27,32.222829801776896
2020-10-28,36.74308566531639
2020-10-29,52.3911610777281
2020-10-30,71.70740039396743
2020-11-02,83.85657864934049
2020-11-03,95.51225041120702
2020-11-04,94.8880984437715
2020-11-05,93.94879496118445
2020-11-06,92.13255564494516
2020-11-09,89.70326534475433
2020-11-10,70.62175626231371
2020-11-11,52.439938080495494
2020-11-12,38.323271413828806
2020-11-13,40.82327141382877
2020-11-16,43.960526315789494
2020-11-17,63.75
2020-11-18,69.39102564102562
2020-11-19,69.86637775370154
2020-11-20,52.20404009136379
2020-11-23,35.41391663457361
2020-11-24,22.70363626074186
2020-11-25,35.15784871495437
2020-11-26,48.981277090083346
2020-11-27,64.21818699409724
2020-11-30,77.82085710452311
2020-12-01,85.26034444160436
2020-12-02,80.97212603573871
2020-12-03,68.04738364727197
2020-12-04,54.36170029448482
2020-12-07,43.90209481731976
2020-12-08,35.52582903054089
2020-12-09,32.403740848017634
2020-12-10,34.2027796717562
2020-12-11,38.88531935429556
2020-12-14,43.199044844491354
2020-12-15,49.068325890242726
2020-12-16,54.63339438339343
2020-12-17,54.82896152811323
2020-12-18,57.134725939141035
2020-12-21,57.95742097460229
2020-12-22,62.7722357894173
2020-12-23,64.38890245608403
2020-12-24,72.85646528483922
2020-12-25,76.84413716724791
2020-12-28,72.02144213178687
2020-12-29,57.26288610740805
2020-12-30,46.31929636381849
2020-12-31,34.59273859007375
2021-01-04,24.78811468906439
2021-01-05,28.890678791628602
2021-01-06,31.612197778970437
2021-01-07,29.952278750630132
2021-01-08,38.266542671301394
2021-01-11,37.79345767074869
2021-01-12,27.799420699967424
2021-01-13,24.011541912088624
2021-01-14,21.8676500723977
2021-01-15,11.417874959953872
2021-01-18,12.9176755183904
2021-01-19,29.383861030285868
2021-01-20,45.20877685520188
2021-01-21,55.93566464631
2021-01-22,56.85303614923779
2021-01-25,55.92736995007924
2021-01-26,48.11995290388522
2021-01-27,33.69161151902179
2021-01-28,21.095457672867703
2021-01-29,28.962422815176694
2021-02-01,42.31965101111453
2021-02-02,51.67356753484231
2021-02-03,67.32574144788593
2021-02-04,84.59425996640462
2021-02-05,94.08578539013341
2021-02-08,95.56726687161483
2021-02-09,96.77938808373601
2021-02-10,96.1655773420479
2021-02-18,96.29112662013947
2021-02-19,87.3722077012205
2021-02-22,76.27977072643054
2021-02-23,68.32796349751484
2021-02-24,63.52041084682497
2021-02-25,58.53754523600717
2021-02-26,67.45646415492612
2021-03-01,68.81345139426634
2021-03-02,58.708115766039214
2021-03-03,48.21497830828356
2021-03-04,54.55377612249124
2021-03-05,40.39228543926147
2021-03-08,37.72131806241173
2021-03-09,45.605050514930284
2021-03-10,46.82032563546288
2021-03-11,30.38196947107931
2021-03-12,24.543460154309084
2021-03-15,26.102419639489916
2021-03-16,26.504837677701993
2021-03-17,28.397739296631052
2021-03-18,30.29064091556011
2021-03-19,46.419673173624645
2021-03-22,57.2671308007433
2021-03-23,66.70478983382219
2021-03-24,80.958273576357
2021-03-25,93.2815058995894
2021-03-26,83.03482658270154
2021-03-29,63.65982658270174
2021-03-30,44.94554086841621
2021-03-31,30.237511671335692
2021-04-01,18.930322128851962
2021-04-02,17.890074450833147
2021-04-06,19.704098841076828
2021-04-07,19.97620768461406
2021-04-08,18.976207684614273
2021-04-09,14.105619449320102
2021-04-12,29.26351418616225
2021-04-13,46.82448979591837
2021-04-14,47.16862745098034
2021-04-15,53.58185059147619
2021-04-16,66.31518392480955
2021-04-19,66.31518392480955
2021-04-20,66.31518392480955
2021-04-21,71.85766758494027
2021-04-22,72.79579579579575
2021-04-23,75.2878592878593
2021-04-26,67.88045188045189
2021-04-27,61.213785213785194
2021-04-28,56.54169849291797
2021-04-29,55.19034714156667
2021-04-30,50.72450087796752
2021-05-06,54.49554464901132
2021-05-07,61.16221131567801
2021-05-10,78.72318692543418
2021-05-11,77.1916553939026
2021-05-12,74.42560076706415
2021-05-13,65.38869707669507
2021-05-14,51.4756535984342
2021-05-17,31.814636649281653
2021-05-18,30.21183982260427
2021-05-19,23.321046590347645
2021-05-20,16.97333489610132
2021-05-21,16.857970462847774
2021-05-24,17.69734897301708
2021-05-25,17.594591223524947
2021-05-26,17.95182611448606
2021-05-27,24.177765928142083
2021-05-28,24.87284050632318
2021-05-31,35.868391988784744
2021-06-01,32.78547809648584
2021-06-02,29.86159492459071
2021-06-03,39.40082017842537
2021-06-04,45.65082017842539
2021-06-07,43.39287352150178
2021-06-08,44.51287352150169
2021-06-09,56.17169089460479
2021-06-10,55.505936220642205
2021-06-11,50.367047331753255
2021-06-15,41.29141707965234
2021-06-16,45.380305968541265
2021-06-17,42.47432306255834
2021-06-18,35.3389811209036
2021-06-21,33.19227130429088
2021-06-22,33.60193516983705
2021-06-23,31.47775216330112
2021-06-24,29.35356915676519
2021-06-25,36.38363408828704
2021-06-28,47.75256612712202
2021-06-29,61.604606943448616
2021-06-30,66.46780803783989
2021-07-01,67.15408254764385
2021-07-02,51.53180537821031
2021-07-05,38.53180537821024
2021-07-06,33.429764561883744
2021-07-07,26.317986617397548
2021-07-08,25.533672891907294
2021-07-09,34.62279569892467
2021-07-12,35.112591617292026
2021-07-13,35.83259161729195
2021-07-14,33.47030873888003
2021-07-15,37.88056514913645
2021-07-16,40.1548508634222
2021-07-19,52.937782217782114
2021-07-20,59.735023597092415
2021-07-21,75.54727913816154
2021-07-22,72.54727913816153
2021-07-23,65.53887577681684
2021-07-26,57.25697419216292
2021-07-27,43.26914457755841
2021-07-28,33.98991156951192
2021-07-29,33.998094875567666
2021-07-30,38.92184215225627
2021-08-02,37.281443814610284
2021-08-03,39.78976789896107
2021-08-04,33.89859813682351
2021-08-05,33.70822859595002
2021-08-06,27.37530226302372
2021-08-09,26.12656982785059
2021-08-10,27.6857332036002
2021-08-11,27.011246400081138
2021-08-12,20.301609783366256
2021-08-13,25.963760150090604
2021-08-16,22.648007726849162
2021-08-17,19.528204439813006
2021-08-18,31.472316521141465
2021-08-19,46.28721629575104
2021-08-20,54.07633011199815
2021-08-23,69.42122874148076
2021-08-24,72.74074297320227
2021-08-25,63.958437638586176
2021-08-26,49.58005926020771
2021-08-27,40.04858662589375
2021-08-30,35.48096389520297
2021-08-31,37.684353725711404
2021-09-01,33.77119787148551
2021-09-02,36.69503079531851
2021-09-03,38.21093031615487
2021-09-06,29.707952889205778
2021-09-07,24.76819385306132
2021-09-08,26.5094419504739
2021-09-09,29.082631472816
2021-09-10,23.271585421225602
2021-09-13,24.878011124036767
2021-09-14,29.12470085325058
2021-09-15,46.0135897421394
2021-09-16,58.894945674342765
2021-09-17,55.97359735973597
2021-09-22,55.39388721480841
2021-09-23,57.665903890160145
2021-09-24,38.49923722349347
2021-09-27,21.257857913148662
2021-09-28,34.35138309300481
2021-09-29,47.692997999837154
2021-09-30,52.192482003965154
2021-10-08,67.98836215377791
2021-10-11,80.54224146412277
2021-10-12,78.73903886491182
2021-10-13,60.453324579197535
2021-10-14,47.681979820821724
2021-10-15,43.66815095306042
2021-10-18,43.827349066268035
2021-10-19,48.72750267609911
2021-10-20,63.97562297685106
2021-10-21,77.6496684381496
2021-10-22,85.03428382276482
2021-10-25,84.37174601490075
2021-10-26,73.21943776335574
2021-10-27,62.950909299338456
2021-10-28,53.49665894429681
2021-10-29,43.61430600312026
2021-11-01,30.113556912729972
2021-11-02,25.91572510825237
2021-11-03,20.71070732132112
2021-11-04,22.29377324487005
2021-11-05,22.890411900332317
2021-11-08,30.987406090784496
2021-11-09,49.09443837738347
2021-11-10,64.27456816033266
2021-11-11,63.686359646788446
2021-11-12,56.36190444097716
2021-11-15,53.623165702238246
2021-11-16,54.67579728118558
2021-11-17,47.43537916271872
2021-11-18,40.37705466643025
2021-11-19,40.8631931502038
2021-11-22,47.38171166872233
2021-11-23,47.38171166872233
2021-11-24,53.81059985370804
2021-11-25,54.00430804298109
2021-11-26,51.96766630068837
2021-11-29,43.59900058309879
2021-11-30,30.24670610188672
2021-12-01,23.253357986587368
2021-12-02,38.006491573424306
2021-12-03,56.16716432346904
2021-12-06,71.35064485587354
2021-12-07,71.16447779862406
2021-12-08,63.34798534798527
2021-12-09,47.69722260861499
2021-12-10,29.871135652093265
2021-12-13,13.808143526109024
2021-12-14,7.918033635999164
2021-12-15,13.580457021194814
2021-12-16,19.871323062538927
2021-12-17,33.317847975265025
2021-12-20,44.163448796901434
2021-12-21,58.592020225472844
2021-12-22,72.45340636408673
2021-12-23,85.40304665185651
2021-12-24,89.78260869565216
2021-12-27,86.69811320754724
2021-12-28,86.7542929828282
2021-12-29,81.69682171846043
2021-12-30,76.69682171846048
2021-12-31,69.78324147154692
2022-01-04,76.48512826399961
2022-01-05,78.0003770601472
2022-01-06,74.68575530125901
2022-01-07,73.58406038600465
2022-01-10,65.0309739662516
2022-01-11,46.63097396625163
2022-01-12,34.440497775775455
2022-01-13,29.605043629220063
2022-01-14,20.177326779768553
2022-01-17,20.579058381500015
2022-01-18,28.814352499147038
2022-01-19,34.984581220556876
2022-01-20,40.08402028226009
2022-01-21,49.57026657934006
2022-01-24,59.38520164427524
2022-01-25,60.827326881466945
2022-01-26,57.968453471412474
2022-01-27,52.51723954562233
2022-01-28,49.48239082885101
2022-02-07,48.10026647651931
2022-02-08,57.45315015198364
2022-02-09,55.36831909518996
2022-02-10,50.96467816612527
2022-02-11,40.92939185791166
2022-02-14,31.964031933513702
2022-02-15,18.345493609092955
2022-02-16,14.230554287011753
2022-02-17,14.091327468952818
2022-02-18,20.167590924526607
2022-02-21,35.76507520125623
2022-02-22,32.50384812978247
2022-02-23,38.66231752775902
2022-02-24,40.44266822832119
2022-02-25,35.05038589363046
2022-02-28,15.858466701711276
2022-03-01,31.61837682849683
2022-03-02,28.74785792196551
2022-03-03,25.17121984506486
2022-03-04,24.341279957533374
2022-03-07,32.4937726261551
2022-03-08,30.11682362426625
2022-03-09,40.79088127393369
2022-03-10,44.61792985986552
2022-03-11,48.92391809108738
2022-03-14,40.46967372830888
2022-03-15,39.1612280475599
2022-03-16,43.313562199894065
2022-03-17,59.38499077132261
2022-03-18,68.81809194797991
2022-03-21,81.86014993083003
2022-03-22,83.34938256655951
2022-03-23,78.83022225792548
2022-03-24,75.8302222579255
2022-03-25,79.37856112339009
2022-03-28,85.5360563795571
2022-03-29,82.14500298850369
2022-03-30,74.34852605278351
2022-03-31,61.864655085041605
2022-04-01,56.563758798229685
2022-04-06,43.306856037125144
2022-04-07,36.028668758937755
2022-04-08,34.93031979742736
2022-04-11,41.54626623686736
2022-04-12,37.826627097381035
2022-04-13,33.342965424619514
2022-04-14,29.379001460655672
2022-04-15,24.754735510621025
2022-04-18,21.758253259261963
2022-04-19,23.38353106388077
2022-04-20,27.756674683267182
2022-04-21,30.38750495952683
2022-04-22,31.481416208236794
2022-04-25,32.127692676283075
2022-04-26,29.613593165066128
2022-04-27,28.037036388509343
2022-04-28,31.410326824890568
2022-04-29,34.93483848491242
2022-05-05,43.36874605870807
2022-05-06,55.030153957739756
2022-05-09,60.9654908685446
2022-05-10,57.86231567749305
2022-05-11,56.77404638558892
2022-05-12,49.78289811353867
2022-05-13,40.706126187112034
2022-05-16,39.41186958902925
2022-05-17,42.49571124983188
2022-05-18,46.596930182023826
2022-05-19,42.67367105490684
2022-05-20,36.630417375871005
2022-05-23,27.566415352091763
2022-05-24,23.142056522581044
2022-05-25,18.752183104859434
2022-05-26,32.45081324184569
2022-05-27,47.790619067088336
2022-05-30,67.45163601624077
2022-05-31,84.8101265822784
2022-06-01,91.41955835962149
2022-06-02,82.83911671924298
2022-06-06,72.57496577584679
2022-06-07,59.92380298514918
2022-06-08,49.659652041753
2022-06-09,58.24009368213151
2022-06-10,59.84379113646345
2022-06-13,57.389993361910946
2022-06-14,54.34495362096302
2022-06-15,54.251961707216196
2022-06-16,49.39214862310386
2022-06-17,52.981270659313154
2022-06-20,64.60082120792543
2022-06-21,79.26030667693595
2022-06-22,89.61744953407896
2022-06-23,94.4772626181913
2022-06-24,89.11108537593128
2022-06-27,74.14253793857311
2022-06-28,65.14341270730135
2022-06-29,55.65188728357257
2022-06-30,55.65188728357257
2022-07-01,48.726674329990836
2022-07-04,47.59225474897215
2022-07-05,45.6953239336353
2022-07-06,50.88156560002553
2022-07-07,50.065239069413295
2022-07-08,63.84401388540115
2022-07-11,75.69558483443129
2022-07-12,83.08098952262227
2022-07-13,82.1562490668858
2022-07-14,76.90515986716096
2022-07-15,75.17636513878759
2022-07-18,68.70633955765088
2022-07-19,57.50176999420736
2022-07-20,43.46648808483345
2022-07-21,30.65656493783169
2022-07-22,19.103115444071467
2022-07-25,11.238392677140524
2022-07-26,8.85079577791575
2022-07-27,17.68131929166905
2022-07-28,28.719462189108338
2022-07-29,43.90194394093311
2022-08-01,63.586486527683874
2022-08-02,70.1081589096754
2022-08-03,69.93786188345709
2022-08-04,63.750390810000695
2022-08-05,44.422638392205634
2022-08-08,25.97865962929369
2022-08-09,23.746106618557672
2022-08-10,19.01376294058826
2022-08-11,19.140429993944263
2022-08-12,29.421860885853782
2022-08-15,40.744627527553654
2022-08-16,34.72576199426747
2022-08-17,33.19045803442362
2022-08-18,41.892717921429295
2022-08-19,49.53553067538494
2022-08-22,55.370569163156446
2022-08-23,64.0544398745615
2022-08-24,69.49859571871731
2022-08-25,58.42126419847373
2022-08-26,40.21087335650403
2022-08-29,26.16994418620642
2022-08-30,19.333376498575035
2022-08-31,19.398311563510056
2022-09-01,35.6733831967479
2022-09-02,55.28728281064748
2022-09-05,68.07103301322948
2022-09-06,79.49507289087757
2022-09-07,83.93979033559515
2022-09-08,76.62550462130949
2022-09-09,63.79531594206412
2022-09-13,47.87713008168186
2022-09-14,42.049032723053074
2022-09-15,32.937417290826815
2022-09-16,25.71883103279414
2022-09-19,26.72771387011513
2022-09-20,41.96891334860273
2022-09-21,37.83443929742121
2022-09-22,38.90562405507035
2022-09-23,46.3796724979769
2022-09-26,45.94872608764893
2022-09-27,37.22101312264781
2022-09-28,40.63866553393076
2022-09-29,44.731873395143246
2022-09-30,42.370901702712004
2022-10-10,53.35794714231228
2022-10-11,60.808391434861846
2022-10-12,67.140697018966
2022-10-13,66.50182202884149
2022-10-14,62.895301461210785
2022-10-17,56.99287821605931
2022-10-18,51.649216030291804
2022-10-19,51.25046526346333
2022-10-20,56.58632775701553
2022-10-21,69.61264354648927
2022-10-24,64.92842175244093
2022-10-25,63.40874484814867
2022-10-26,53.47519003087302
2022-10-27,57.506939679576135
2022-10-28,38.61332265829954
2022-10-31,36.6469926919696
2022-11-01,29.801959371086582
2022-11-02,27.443037154513128
2022-11-03,16.41474538815878
2022-11-04,20.316461610686595
2022-11-07,14.68767190935406
2022-11-08,17.331114019999692
2022-11-09,21.568807147191258
2022-11-10,15.174063933258775
2022-11-11,25.059581753284185
2022-11-14,39.17321993946525
2022-11-15,36.06909122859811
2022-11-16,32.18625802955753
2022-11-17,36.25120209450155
2022-11-18,36.637088178815
2022-11-21,40.89659600879262
2022-11-22,58.18987211751944
2022-11-23,75.96340099085918
2022-11-24,82.55133346114454
2022-11-25,73.5953597673192
2022-11-28,54.881951228121636
2022-11-29,39.94960930198516
2022-11-30,21.5672908848851
2022-12-01,12.226888376347059
2022-12-02,11.20224056890174
2022-12-05,25.45087695606907
2022-12-06,26.712560104889963
2022-12-07,32.76584693460116
2022-12-08,31.171292783309916
2022-12-09,38.277474470129675
2022-12-12,35.4210103971205
2022-12-13,38.07069353519291
2022-12-14,43.77311568052174
2022-12-15,63.61563536556114
2022-12-16,71.21057207442198
2022-12-19,76.48063380281704
2022-12-20,84.70833333333336
2022-12-21,88.58462199312703
2022-12-22,83.38981679832179
2022-12-23,76.43329505919127
2022-12-26,79.5582950591913
2022-12-27,83.724961725858
2022-12-28,87.84867306606422
2022-12-29,91.65458937198058
2022-12-30,97.33722576079262
2023-01-03,96.06334041047413
2023-01-04,77.98114862965218
2023-01-05,61.77062231386263
2023-01-06,47.159511202751574
2023-01-09,34.30166002612395
2023-01-10,32.39372719462428
2023-01-11,45.84781980189253
2023-01-12,48.94359201932135
2023-01-13,50.74240858736859
2023-01-16,51.15985940002894
2023-01-17,38.68030192047148
2023-01-18,32.68340109402522
2023-01-19,30.602624466129043
2023-01-20,29.608277171824874
2023-01-30,32.86102442457219
2023-01-31,48.52240008594781
2023-02-01,59.147400085947766
2023-02-02,66.46728314381085
2023-02-03,64.37343658069045
2023-02-06,62.63766562518846
2023-02-07,50.44035620814803
2023-02-08,45.077227716527936
2023-02-09,43.263434391132975
2023-02-10,47.55281168051031
2023-02-13,40.95494037465919
2023-02-14,41.42292648342899
2023-02-15,41.28146781908586
2023-02-16,38.78340881287464
2023-02-17,34.25531892523413
2023-02-20,43.05049964812564
2023-02-21,40.06284182432075
2023-02-22,32.67486699681287
2023-02-23,31.313979900038483
2023-02-24,35.508736454345424
2023-02-27,31.354890300499456
2023-02-28,27.07187143257525
2023-03-01,31.03239458109506
2023-03-02,38.56770978244469
2023-03-03,47.9573811439473
2023-03-06,59.502531645619435
2023-03-07,76.72475386784137
2023-03-08,83.51775526963755
2023-03-09,85.32030084927283
2023-03-10,78.31158186872283
2023-03-13,63.95058055119945
2023-03-14,52.51096702462951
2023-03-15,46.5648980748059
2023-03-16,45.91919435864654
2023-03-17,56.87157531102745
2023-03-20,72.59127228072467
2023-03-21,84.27609653526396
2023-03-22,87.26316370255635
2023-03-23,82.39976756628093
2023-03-24,67.95532312183632
2023-03-27,62.3968124835385
2023-03-28,46.202106806074184
2023-03-29,33.57287329448773
2023-03-30,32.05654440653232
2023-03-31,37.182807032795054
2023-04-03,43.99131767109291
2023-04-04,61.71859039836566
2023-04-06,72.75058415568125
2023-04-07,76.37678311429988
2023-04-10,77.97219265525393
2023-04-11,60.829335512396675
2023-04-12,45.38379095794113
2023-04-13,52.07906992789831
2023-04-14,59.68882602545939
2023-04-17,67.4115983026872
2023-04-18,71.73002796462853
2023-04-19,73.291274998423
2023-04-20,63.364267699152855
2023-04-21,59.736973188953314
2023-04-24,59.736973188953314
2023-04-25,63.62428460449606
2023-04-26,68.92886325343375
2023-04-27,69.84512173203088
2023-04-28,60.28805870033108
2023-05-04,51.67492001419977
2023-05-05,60.61203607957295
2023-05-08,56.64220735479688
2023-05-09,48.65120191378072
2023-05-10,44.187979066890094
2023-05-11,45.658260610164206
2023-05-12,27.45920847746276
2023-05-15,25.29373016722652
2023-05-16,25.20628255098142
2023-05-17,25.055697802156754
2023-05-18,19.76265750911654
2023-05-19,33.946265626374
2023-05-22,35.41051753930172
2023-05-23,37.26840269125745
2023-05-24,38.915624432645686
2023-05-25,41.42904124838807
2023-05-26,38.553099496041874
2023-05-29,37.86101634699272
2023-05-30,37.646788518515876
2023-05-31,43.13106524807556
2023-06-01,39.43652459163483
2023-06-02,28.44772602762773
2023-06-05,22.89309573329885
2023-06-06,20.253533904775594
2023-06-07,16.748772000013624
2023-06-08,22.651507562323673
2023-06-09,24.587635950065092
2023-06-12,36.47837701662776
2023-06-13,48.212446049925134
2023-06-14,46.09818352642509
2023-06-15,38.66626935608433
2023-06-16,39.806543440313725
2023-06-19,37.49459062394514
2023-06-20,40.47929133996306
2023-06-21,42.42015484868499
2023-06-26,38.966354733311476
2023-06-27,45.950587720957614
2023-06-28,55.869286907949515
2023-06-29,54.485623541613016
2023-06-30,63.36282522853939
2023-07-03,76.57275430655369
2023-07-04,79.00223225674831
2023-07-05,65.07630633082239
2023-07-06,56.29247174435608
2023-07-07,44.27506770351668
2023-07-10,44.81665377701744
2023-07-11,45.90564943018584
2023-07-12,56.040106161798896
2023-07-13,65.45022940805882
2023-07-14,82.93525934817862
2023-07-17,80.57062944256519
2023-07-18,76.87170471138253
2023-07-19,61.87529511781639
2023-07-20,52.22122868024468
2023-07-21,38.32649183813959
2023-07-24,29.825320877952485
2023-07-25,20.965816745720936
2023-07-26,25.516407398006564
2023-07-27,21.81519357914607
2023-07-28,24.002613348080267
2023-07-31,23.552515500721753
2023-08-01,24.012019632953603
2023-08-02,26.77389793248152
2023-08-03,34.393734599542576
2023-08-04,35.82327389493569
2023-08-07,40.51478923952537
2023-08-08,47.77898677038921
2023-08-09,49.51755450119151
2023-08-10,42.90612119547483
2023-08-11,49.06231371199949
2023-08-14,50.616267761550446
2023-08-15,42.8461166475558
2023-08-16,39.59412516589855
2023-08-17,48.69966021794789
2023-08-18,52.82124547920101
2023-08-21,62.74015964670434
2023-08-22,79.33842092214253
2023-08-23,92.04947673128522
2023-08-24,84.63192121887774
2023-08-25,73.87561869786921
2023-08-28,60.64484946709996
2023-08-29,50.46473689674347
2023-08-30,38.399657531664076
2023-08-31,39.0408520859021
2023-09-01,38.32174477084502
2023-09-04,39.483548484372875
2023-09-05,49.971353362421645
2023-09-06,62.31421050527878
2023-09-07,75.4233665821769
2023-09-08,81.96726956892745
2023-09-11,84.25206242429833
2023-09-12,80.04153610850895
2023-09-13,68.10123760104628
2023-09-14,58.119002911939255
2023-09-15,55.266725977470536
2023-09-18,61.11001193983369
2023-09-19,61.418099231232894
2023-09-20,64.09913847943626
2023-09-21,60.076037248096966
2023-09-22,57.50010880166494
2023-09-25,50.45508000821421
2023-09-26,46.270087338615006
2023-09-27,37.10002722614635
2023-09-28,39.70518877867654
2023-10-09,37.54956358557924
2023-10-10,41.24611682879314
2023-10-11,41.04495639886128
2023-10-12,57.552439449233
2023-10-13,65.75467450721752
2023-10-16,60.00670453729471
2023-10-17,57.29606678703915
2023-10-18,50.84781680569748
2023-10-19,39.86642732060207
2023-10-20,31.193398888598193
2023-10-23,41.095124360930036
2023-10-24,42.206235472040966
2023-10-25,46.88018449554299
2023-10-26,41.761432280016585
2023-10-27,35.97306930142146
2023-10-30,44.33465122232551
2023-10-31,49.41401630169033
2023-11-01,54.82574659275357
2023-11-02,66.69387846088544
2023-11-03,74.11786161212918
2023-11-06,56.29177465560734
2023-11-07,42.04820111999855
2023-11-08,43.27831127911727
2023-11-09,46.85790000722087
2023-11-10,56.50114015879026
2023-11-13,73.6375719428984
2023-11-14,91.01651198466048
2023-11-15,79.26515082313622
2023-11-16,67.02459343406387
2023-11-17,52.12053203363273
2023-11-20,36.41312249809699
2023-11-21,18.57738068778264
2023-11-22,28.57063968597756
2023-11-23,43.38545450079247
2023-11-24,47.31114165742982
2023-11-27,51.83723862344381
2023-11-28,52.7073861843338
2023-11-29,43.02939812209932
2023-11-30,40.91175106327565
2023-12-01,44.68260739144371
2023-12-04,42.94394666014996
2023-12-05,41.6197906571157
2023-12-06,46.331005795439346
2023-12-07,46.9910874131791
2023-12-08,37.12167210973981
2023-12-11,36.011300582969
2023-12-12,44.23446739805745
2023-12-13,39.804123930435836
2023-12-14,31.539467149297472
2023-12-15,36.77922738905768
2023-12-18,34.156570046400326
2023-12-19,26.92629629438747
2023-12-20,29.070135048395787
2023-12-21,22.652006393425097
2023-12-22,20.618049359468095
2023-12-25,27.84576417338983
2023-12-26,33.18519971877497
2023-12-27,27.839854373429695
2023-12-28,26.202427472844942
2023-12-29,28.69178799901524
2024-01-02,26.135923074334915
2024-01-03,23.9526872068887
2024-01-04,30.01329326749468
2024-01-05,36.07389932810065
2024-01-08,30.063640854802895
2024-01-09,37.9344483082186
2024-01-10,43.09409070924013
2024-01-11,45.58049319564252
2024-01-12,39.51988713503635
2024-01-15,46.35085011408317
2024-01-16,42.96903193226524
2024-01-17,43.98420434605842
2024-01-18,46.270529132383125
2024-01-19,55.42761725498836
2024-01-22,50.62674634870117
2024-01-23,49.66570738766202
2024-01-24,45.89191428421392
2024-01-25,47.75699364929414
2024-01-26,51.0443499711342
2024-01-29,65.3162211913813
2024-01-30,68.23802873417961
2024-01-31,61.940706838374105
2024-02-01,60.542069129461154
2024-02-02,62.421626195369186
2024-02-05,62.24945840684124
2024-02-06,68.47050800690029
2024-02-07,87.18162300615396
2024-02-08,91.95749813485739
2024-02-19,84.71359998367764
2024-02-20,72.80019792182179
2024-02-21,54.406037337880285
2024-02-22,35.02142195326503
2024-02-23,17.01766725989783
2024-02-26,24.15978612294644
2024-02-27,29.729016892176883
2024-02-28,37.596861686645106
2024-02-29,42.43602252580629
2024-03-01,45.19275233637492
2024-03-04,37.405024309841394
2024-03-05,29.666096570913965
2024-03-06,28.992412360387124
2024-03-07,33.35604872402299
2024-03-08,40.97186793306217
2024-03-11,52.31515151515141
2024-03-12,69.28484848484834
2024-03-13,76.63869463869487
2024-03-14,74.9056192034922
2024-03-15,69.83895253682549
2024-03-18,69.83895253682549
2024-03-19,69.83895253682549
2024-03-20,73.68510638297909
2024-03-21,80.19459459459448
2024-03-22,86.59459459459445
2024-03-25,79.04742478327361
2024-03-26,67.32328685223885
2024-03-27,50.27410652437013
2024-03-28,36.811587401473986
2024-03-29,28.34099916617974
2024-04-01,23.973275360479015
2024-04-02,26.76124307874784
2024-04-03,42.850423406616464
2024-04-08,61.718347934918086
2024-04-09,78.1889361702124
2024-04-10,86.2740425531914
2024-04-11,91.02416625432939
2024-04-12,72.33504344731227
2024-04-15,59.72634779513813
2024-04-16,41.687132108863416
2024-04-17,28.286150112136898
2024-04-18,19.615053766622054
2024-04-19,22.341099650562448
2024-04-22,31.37836673130812
2024-04-23,44.834249084249734
2024-04-24,56.03762105474514
2024-04-25,50.19346521058938
2024-04-26,47.616542133666236
2024-04-29,37.628648671196274
2024-04-30,22.724802517349836
2024-05-06,18.561463500701556
2024-05-07,33.07445162471511
2024-05-08,52.57445162471506
2024-05-09,66.13377365861348
2024-05-10,84.44448255755783
2024-05-13,90.99885519811642
2024-05-14,91.94392253215848
2024-05-15,88.78602779531666
2024-05-16,86.38602779531686
2024-05-17,78.38217051469965
2024-05-20,70.25382826871004
2024-05-21,62.88482661399386
2024-05-22,51.98866729678169
2024-05-23,39.432145557651054
2024-05-24,31.582770456206447
2024-05-27,34.62020361128676
2024-05-28,38.309371586169014
2024-05-29,43.99133261696734
2024-05-30,48.03876344700693
2024-05-31,54.07945542829314
2024-06-03,58.86733421617198
2024-06-04,63.885649234487076
2024-06-05,70.65774225774285
2024-06-06,80.18069455297238
2024-06-07,86.21921049247837
2024-06-11,75.33626940649148
2024-06-12,59.195918529298375
2024-06-13,51.48557370171208
2024-06-14,51.151282208046396
2024-06-17,53.748836081080526
2024-06-18,65.55230318193273
2024-06-19,81.24447478741689
2024-06-20,88.16675991351043
2024-06-21,89.3074798761096
2024-06-24,82.22221880538913
2024-06-25,71.4705949266387
2024-06-26,59.8235361031092
2024-06-27,48.44110400132265
2024-06-28,35.90606004788974
2024-07-01,45.34426229508092
2024-07-02,59.114754098359825
2024-07-03,73.11475409836005
2024-07-04,86.88524590163925
2024-07-05,100.0
2024-07-08,83.99999999999991
2024-07-09,69.45454545454535
2024-07-10,57.78787878787855
2024-07-11,48.010101010100435
2024-07-12,41.18083271741715
2024-07-15,50.26725247050335
2024-07-16,55.780448951441464
2024-07-17,60.889738568927896
2024-07-18,50.861691103987475
2024-07-19,41.537113242824816
2024-07-22,34.33304643091511
2024-07-23,30.442227572354618
2024-07-24,22.084350384247045
2024-07-25,37.12827086506074
2024-07-26,40.845142228990845
2024-07-29,35.22945595448146
2024-07-30,28.426505480297656
2024-07-31,25.3930417688674
2024-08-01,17.191983567808844
2024-08-02,16.841912603629083
2024-08-05,20.84208097212362
2024-08-06,28.123388385916748
2024-08-07,35.28760028607447
2024-08-08,43.16929109405995
2024-08-09,53.95633684815577
2024-08-12,55.727237662050925
2024-08-13,61.02910050266134
2024-08-14,69.75175088111897
2024-08-15,60.20615736445503
2024-08-16,49.72208093133376
2024-08-19,46.13038824774449
2024-08-20,44.427091544448054
2024-08-21,41.29120710155668
2024-08-22,49.90500087777381
2024-08-23,62.38907731089489
2024-08-26,70.79409797521467
2024-08-27,62.36752454864101
2024-08-28,48.62029316917803
2024-08-29,34.73074799469132
2024-08-30,20.94634131031737
2024-09-02,10.538158926113509
2024-09-03,13.977744775696076
2024-09-04,21.43100356097096
2024-09-05,30.881359324349695
2024-09-06,44.39549573845342
2024-09-09,63.71592790233751
2024-09-10,77.41573599214894
2024-09-11,88.76509994488289
2024-09-12,91.50494295076206
2024-09-13,82.08196168728999
2024-09-18,68.3380655535507
2024-09-19,50.40033289703628
2024-09-20,42.995511840163815
2024-09-23,38.82674202200539
2024-09-24,39.564769675150615
2024-09-25,46.97000973366894
2024-09-26,50.590813943411916
2024-09-27,42.6228322395813
2024-09-30,43.94064007670307
2024-10-08,45.832620717334805
2024-10-09,42.579082986202664
2024-10-10,53.033721759966724
2024-10-11,65.10440907834659
2024-10-14,72.55554143218225
2024-10-15,68.28020199498235
2024-10-16,70.60908219186801
2024-10-17,58.033276626780186
2024-10-18,45.151210211306946
2024-10-21,40.78682262514265
2024-10-22,46.54400995347065
2024-10-23,38.14039549563937
2024-10-24,45.71957600505248
2024-10-25,52.69126790762002
2024-10-28,44.21853633303129
2024-10-29,33.850564593260984
2024-10-30,46.16443546134854
2024-10-31,36.761889597116614
2024-11-01,29.075209692241565
2024-11-04,39.25554385903831
2024-11-05,51.98348263268404
2024-11-06,55.316855250567265
2024-11-07,68.33851484845644
2024-11-08,80.26725150812157
2024-11-11,78.71234076796063
2024-11-12,65.44254101274709
2024-11-13,50.114496400191726
2024-11-14,47.2825025234214
2024-11-15,44.94430408615166
2024-11-18,46.33074774812333
2024-11-19,44.41706784283848
2024-11-20,43.62564450107983
2024-11-21,37.28531816075365
2024-11-22,34.9460887627009
2024-11-25,36.29342482827481
2024-11-26,42.65014003265084
2024-11-27,49.02597895882547
2024-11-28,49.250445849959355
2024-11-29,51.040655640169135
2024-12-02,53.10981117123399
2024-12-03,64.43402204186565
2024-12-04,73.7720385660128
2024-12-05,83.25202098859522
2024-12-06,79.69394272908019
2024-12-09,67.41070181186899
2024-12-10,56.60885271512488
2024-12-11,55.04861396875536
2024-12-12,48.04961920049362
2024-12-13,44.19103079334173
2024-12-16,40.67752310456825
2024-12-17,44.511046409457535
2024-12-18,31.081094718636457
2024-12-19,32.228025411705914
2024-12-20,36.95162277144212
2024-12-23,42.52212703353527
2024-12-24,37.467181978589764
2024-12-25,49.62421026056499
2024-12-26,51.53679176261737
2024-12-27,58.31681759128708
2024-12-30,71.0640703385399
2024-12-31,83.81132308579274
